,,,,,,,,Total,Total,Total,Total,Total,Short,Short,Short,Medium,Medium,Medium,Long,Long,Long,,,,,,,,,
Rk,Player,Nation,Pos,Squad,Age,Born,90s,Cmp,Att,Cmp%,TotDist,PrgDist,Cmp,Att,Cmp%,Cmp,Att,Cmp%,Cmp,Att,Cmp%,Ast,xA,A-xA,KP,1/3,PPA,CrsPA,Prog,Matches
1,Tammy Abraham\f586779e,eng ENG,FW,Roma,24-132,1997,21.6,332,449,73.9,4941,1185,197,254,77.6,95,127,74.8,24,30,80.0,3,2.7,+0.3,23,19,20,2,44,Matches
2,Francesco Acerbi\b96b595c,it ITA,DF,Lazio,34-001,1988,17.1,1142,1253,91.1,23982,7424,356,379,93.9,584,618,94.5,187,235,79.6,0,0.2,-0.2,4,86,4,0,66,Matches
3,Michel Aebischer\f9c927de,ch SUI,MF,Bologna,25-036,1997,0.1,6,8,75.0,116,33,3,4,75.0,2,3,66.7,1,1,100.0,0,0.1,-0.1,1,0,0,0,0,Matches
4,Felix Afena-Gyan\0154d290,gh GHA,FW,Roma,19-023,2003,4.2,75,95,78.9,1072,203,42,51,82.4,28,35,80.0,2,3,66.7,0,0.1,-0.1,3,2,4,1,8,Matches
5,Kevin Agudelo\46fa7204,co COL,FWMF,Spezia,23-089,1998,4.0,81,116,69.8,1312,455,39,48,81.3,39,52,75.0,1,6,16.7,0,0.6,-0.6,6,6,6,1,15,Matches
6,Ola Aina\246d153b,ng NGA,DF,Torino,25-126,1996,11.8,384,546,70.3,6900,3016,184,216,85.2,143,192,74.5,51,106,48.1,0,1.3,-1.3,13,34,18,5,49,Matches
7,Jean-Daniel Akpa-Akpro\fdf4b948,ci CIV,MF,Lazio,29-123,1992,3.4,86,105,81.9,1172,177,51,60,85.0,28,31,90.3,2,2,100.0,0,0.0,0.0,2,5,1,0,3,Matches
8,Luis Alberto\5294a83f,es ESP,MF,Lazio,29-136,1992,16.0,1016,1218,83.4,17149,5658,498,546,91.2,386,444,86.9,101,183,55.2,6,4.2,+1.8,34,129,31,4,103,Matches
9,Giorgio Altare\aa5322d5,it ITA,DF,Cagliari,23-186,1998,3.5,126,175,72.0,2786,1294,38,46,82.6,52,66,78.8,33,58,56.9,0,0.0,0.0,0,6,1,1,12,Matches
10,Kelvin Amian\bcc81786,fr FRA,DF,Spezia,24-003,1998,17.9,608,759,80.1,9847,4420,319,357,89.4,230,276,83.3,44,88,50.0,1,0.9,+0.1,8,41,6,2,46,Matches
11,Nadiem Amiri\555d5edd,de GER,FW,Genoa,25-107,1996,0.4,10,14,71.4,153,34,6,7,85.7,3,5,60.0,1,2,50.0,0,0.0,0.0,0,0,0,0,0,Matches
12,Ethan Ampadu\10b9fa99,wls WAL,MFDF,Venezia,21-150,2000,13.1,455,574,79.3,9163,2972,157,186,84.4,225,252,89.3,69,114,60.5,2,1.3,+0.7,12,33,6,4,43,Matches
13,Sofyan Amrabat\5a2cb25d,ma MAR,MF,Fiorentina,25-174,1996,2.5,150,169,88.8,3136,679,47,51,92.2,75,81,92.6,25,30,83.3,0,0.1,-0.1,2,14,2,0,12,Matches
14,Felipe Anderson\9f1893b9,br BRA,FW,Lazio,28-302,1993,19.5,705,906,77.8,11051,2747,399,466,85.6,242,301,80.4,47,85,55.3,4,4.8,-0.8,36,24,39,8,75,Matches
15,Ebenezer Annan\39aa05a7,gh GHA,DF,Bologna,19-174,2002,0.3,4,11,36.4,66,27,2,2,100.0,2,4,50.0,0,4,0.0,0,0.0,0.0,0,1,0,0,0,Matches
16,Cristian Ansaldi\bbafc0c4,ar ARG,DF,Torino,35-144,1986,4.0,163,220,74.1,3267,1606,72,78,92.3,58,74,78.4,29,54,53.7,3,0.7,+2.3,9,24,8,7,22,Matches
17,Janis Antiste\38d9ce53,fr FRA,FWMF,Spezia,19-177,2002,6.9,102,154,66.2,1396,261,60,83,72.3,34,47,72.3,3,8,37.5,0,0.2,-0.2,3,4,6,2,7,Matches
18,Mattia Aramu\0847b5a5,it ITA,FWMF,Venezia,26-273,1995,13.1,307,470,65.3,5438,1685,147,181,81.2,115,155,74.2,38,104,36.5,3,2.3,+0.7,16,22,15,4,35,Matches
19,Marko Arnautović\00459419,at AUT,FW,Bologna,32-298,1989,18.3,437,592,73.8,6266,990,261,335,77.9,138,184,75.0,21,31,67.7,1,2.3,-1.3,24,17,14,1,27,Matches
20,Tolgay Arslan\963a328b,de GER,MF,Udinese,31-179,1990,13.3,360,457,78.8,6797,1577,144,172,83.7,155,182,85.2,51,81,63.0,0,1.1,-1.1,11,44,5,1,38,Matches
21,Arthur\a820e429,br BRA,FW,Fiorentina,23-292,1998,0.8,7,12,58.3,82,0,6,7,85.7,1,5,20.0,0,0,,0,0.0,0.0,0,0,0,0,0,Matches
22,Kristoffer Askildsen\a69cc629,no NOR,MF,Sampdoria,21-033,2001,8.1,145,216,67.1,2291,863,78,99,78.8,52,73,71.2,11,29,37.9,0,0.2,-0.2,2,13,2,0,22,Matches
23,Kristjan Asllani\0fdcef0e,al ALB,MF,Empoli,19-339,2002,2.1,87,105,82.9,1761,366,31,35,88.6,39,45,86.7,16,24,66.7,0,0.6,-0.6,4,7,0,0,5,Matches
24,Emil Audero\649b01d8,it ITA,GK,Sampdoria,25-024,1997,19.5,447,649,68.9,15550,10302,60,60,100.0,164,170,96.5,222,418,53.1,0,0.0,0.0,1,13,0,0,0,Matches
25,Tommaso Augello\3cd3b384,it ITA,DF,Sampdoria,27-165,1994,18.8,678,900,75.3,12581,5900,272,329,82.7,334,401,83.3,67,133,50.4,0,1.1,-1.1,13,46,22,9,88,Matches
26,Ramzi Aya\6a1f66a7,it ITA,DF,Salernitana,31-193,1990,1.5,18,28,64.3,386,153,5,6,83.3,9,14,64.3,4,8,50.0,0,0.0,0.0,0,2,0,0,3,Matches
27,Kaan Ayhan\2200181e,tr TUR,DF,Sassuolo,27-093,1994,6.8,341,389,87.7,7419,2741,114,122,93.4,157,173,90.8,68,90,75.6,0,0.0,0.0,1,35,0,0,30,Matches
28,Milan Badelj\e8c930bb,hr CRO,MF,Genoa,32-351,1989,19.7,793,986,80.4,15877,4472,285,333,85.6,385,443,86.9,113,180,62.8,0,1.5,-1.5,16,71,9,2,75,Matches
29,Nedim Bajrami\f42d6c13,al ALB,MF,Empoli,22-348,1999,14.4,384,561,68.4,6550,2361,200,231,86.6,128,174,73.6,47,120,39.2,2,3.9,-1.9,44,25,30,6,58,Matches
30,Tiemoué Bakayoko\59bf127b,fr FRA,MF,Milan,27-178,1994,5.4,276,312,88.5,4977,929,129,148,87.2,104,113,92.0,36,41,87.8,0,0.5,-0.5,3,22,3,0,18,Matches
31,Keita Baldé\509a4ccb,sn SEN,FWMF,Cagliari,26-340,1995,9.8,122,169,72.2,1652,315,71,93,76.3,37,50,74.0,5,9,55.6,1,0.8,+0.2,7,12,3,0,8,Matches
32,Fodé Ballo-Touré\f449640d,sn SEN,DF,Milan,25-039,1997,4.9,228,270,84.4,3880,1077,102,110,92.7,101,119,84.9,20,27,74.1,0,0.2,-0.2,3,12,8,4,18,Matches
33,Filippo Bandinelli\d44360be,it ITA,MF,Empoli,26-319,1995,11.9,315,412,76.5,5719,1898,146,164,89.0,133,162,82.1,32,63,50.8,1,1.4,-0.4,16,26,28,9,57,Matches
34,Mattia Bani\0821331c,it ITA,DF,Genoa,28-063,1993,7.7,200,259,77.2,4284,1568,54,60,90.0,107,123,87.0,35,68,51.5,0,0.0,0.0,0,10,0,0,18,Matches
35,Antonín Barák\01efac19,cz CZE,FWMF,Hellas Verona,27-070,1994,18.0,645,794,81.2,9868,2783,348,400,87.0,235,284,82.7,35,53,66.0,3,2.3,+0.7,21,57,15,1,78,Matches
36,Nicolò Barella\6928979a,it ITA,MF,Inter,25-004,1997,18.8,914,1090,83.9,15987,4890,474,522,90.8,320,372,86.0,106,150,70.7,7,4.4,+2.6,33,88,45,14,98,Matches
37,Musa Barrow\e5bf73f3,gm GAM,FWMF,Bologna,23-089,1998,14.4,398,514,77.4,7082,1359,207,227,91.2,130,167,77.8,52,100,52.0,3,1.9,+1.1,25,24,13,4,25,Matches
38,Daniele Baselli\ea06dd97,it ITA,MFFW,Torino,29-336,1992,1.7,64,87,73.6,1228,364,24,33,72.7,29,36,80.6,10,14,71.4,0,0.0,0.0,1,8,0,0,3,Matches
39,Daniele Baselli\ea06dd97,it ITA,FW,Cagliari,29-336,1992,0.1,5,6,83.3,70,30,1,1,100.0,3,3,100.0,0,0,,0,0.2,-0.2,1,0,1,0,1,Matches
40,Toma Bašić\80556f08,hr CRO,MF,Lazio,25-078,1996,7.1,238,283,84.1,3757,642,133,146,91.1,87,102,85.3,15,26,57.7,2,0.7,+1.3,2,12,0,0,5,Matches
41,Alessandro Bastoni\75b86fb3,it ITA,DF,Inter,22-304,1999,18.4,1165,1301,89.5,23027,6884,439,469,93.6,531,568,93.5,171,220,77.7,1,1.2,-0.2,9,85,13,4,74,Matches
42,Simone Bastoni\1ac232b8,it ITA,DFMF,Spezia,25-098,1996,18.1,683,912,74.9,12821,5537,306,349,87.7,272,337,80.7,89,183,48.6,1,2.8,-1.8,31,66,23,9,76,Matches
43,Rodrigo Becão\19e4eab9,br BRA,DF,Udinese,26-023,1996,20.8,670,810,82.7,13421,4434,229,245,93.5,347,387,89.7,86,153,56.2,1,0.5,+0.5,4,31,3,1,30,Matches
44,Valon Behrami\d3d758d8,ch SUI,MF,Genoa,36-298,1985,3.5,51,70,72.9,877,243,20,25,80.0,22,27,81.5,5,9,55.6,0,0.1,-0.1,1,4,0,0,4,Matches
45,Vid Belec\4f8ce0e1,si SVN,GK,Salernitana,31-250,1990,20.0,336,541,62.1,13124,9592,38,39,97.4,111,111,100.0,185,387,47.8,0,0.0,0.0,0,12,1,0,0,Matches
46,Raoul Bellanova\e3756e72,it ITA,DFMF,Cagliari,21-239,2000,14.3,364,487,74.7,6536,1810,175,208,84.1,142,191,74.3,45,71,63.4,2,2.4,-0.4,18,13,16,13,22,Matches
47,Andrea Belotti\d705ba44,it ITA,FW,Torino,28-053,1993,5.3,95,130,73.1,1266,178,61,73,83.6,25,33,75.8,3,10,30.0,1,0.3,+0.7,4,7,2,0,6,Matches
48,Marco Benassi\0000acda,it ITA,MF,Empoli,27-156,1994,0.4,19,22,86.4,258,102,11,11,100.0,8,10,80.0,0,0,,0,0.1,-0.1,2,2,1,0,3,Matches
49,Marco Benassi\0000acda,it ITA,DFMF,Fiorentina,27-156,1994,1.8,108,131,82.4,2140,618,44,49,89.8,45,56,80.4,19,23,82.6,0,0.1,-0.1,1,10,1,0,9,Matches
50,Ismaël Bennacer\db092d3b,dz ALG,MF,Milan,24-072,1997,9.7,628,725,86.6,12476,3545,252,272,92.6,262,293,89.4,103,146,70.5,1,1.4,-0.4,15,65,13,3,70,Matches
51,Rodrigo Bentancur\3b8674e6,uy URU,MF,Juventus,24-251,1997,12.8,661,756,87.4,12392,2859,256,279,91.8,317,347,91.4,76,100,76.0,1,0.3,+0.7,8,79,5,0,56,Matches
52,Domenico Berardi\53a0e358,it ITA,FW,Sassuolo,27-194,1994,20.3,638,912,70.0,13243,3946,253,323,78.3,252,334,75.4,121,188,64.4,5,5.0,0.0,44,52,38,4,130,Matches
53,Bartosz Bereszyński\61b3978f,pl POL,DF,Sampdoria,29-214,1992,19.7,697,920,75.8,11374,4712,355,413,86.0,256,334,76.6,60,115,52.2,2,0.7,+1.3,10,42,17,8,55,Matches
54,Federico Bernardeschi\ee93c1a9,it ITA,FWMF,Juventus,27-360,1994,11.7,344,444,77.5,6126,1544,165,187,88.2,139,160,86.9,34,70,48.6,3,1.5,+1.5,14,22,17,2,45,Matches
55,Daniel Bessa\88895312,it ITA,MFFW,Hellas Verona,29-028,1993,4.4,223,281,79.4,3813,1059,99,116,85.3,96,107,89.7,20,46,43.5,0,0.4,-0.4,8,18,7,0,26,Matches
56,Beto\ed5c0319,gw GNB,FW,Udinese,24-011,1998,18.7,205,294,69.7,2989,515,120,158,75.9,59,90,65.6,13,21,61.9,0,1.3,-1.3,15,15,5,0,17,Matches
57,Luis Binks\36e88fbc,eng ENG,DF,Bologna,20-162,2001,4.8,172,204,84.3,4126,1321,42,54,77.8,86,90,95.6,43,54,79.6,0,0.0,0.0,1,10,0,0,8,Matches
58,Cristiano Biraghi\9e1577aa,it ITA,DF,Fiorentina,29-163,1992,20.7,1311,1584,82.8,27268,9845,472,503,93.8,612,690,88.7,217,349,62.2,0,2.8,-2.8,37,82,40,24,95,Matches
59,Davide Biraschi\64cd167d,it ITA,DF,Genoa,27-224,1994,10.3,320,435,73.6,6460,2637,116,143,81.1,146,179,81.6,53,104,51.0,0,0.3,-0.3,3,36,6,3,30,Matches
60,Bjarki Bjarkason\f1d25de7,is ISL,FW,Venezia,21-276,2000,0.0,1,2,50.0,8,0,1,1,100.0,0,0,,0,1,0.0,0,0.0,0.0,0,0,0,0,0,Matches
61,Jeremie Boga\fe012aca,ci CIV,MF,Atalanta,25-039,1997,0.4,17,20,85.0,226,25,9,10,90.0,6,7,85.7,0,1,0.0,0,0.0,0.0,0,1,0,0,0,Matches
62,Jeremie Boga\fe012aca,ci CIV,FWMF,Sassuolo,25-039,1997,7.4,219,269,81.4,3032,612,145,162,89.5,62,78,79.5,7,10,70.0,2,0.8,+1.2,7,6,4,1,16,Matches
63,Luka Bogdan\cb678320,hr CRO,DF,Salernitana,25-322,1996,5.4,88,123,71.5,1810,767,25,29,86.2,49,63,77.8,12,25,48.0,0,0.0,0.0,1,1,0,0,5,Matches
64,Emil Bohinen\c83c203f,no NOR,MF,Salernitana,22-336,1999,0.3,9,12,75.0,99,33,8,9,88.9,1,1,100.0,0,1,0.0,0,0.0,0.0,0,0,0,0,0,Matches
65,Giacomo Bonaventura\d995ed27,it ITA,MF,Fiorentina,32-173,1989,19.8,813,981,82.9,15166,3079,355,395,89.9,341,407,83.8,103,149,69.1,2,2.3,-0.3,28,62,18,0,80,Matches
66,Federico Bonazzoli\bf57eaab,it ITA,FW,Salernitana,24-266,1997,12.0,224,308,72.7,4110,810,111,139,79.9,74,96,77.1,33,54,61.1,0,0.5,-0.5,2,18,8,0,28,Matches
67,Kevin Bonifazi\fb77bfef,it ITA,DF,Bologna,25-268,1996,8.7,319,391,81.6,7262,2525,92,101,91.1,157,180,87.2,67,106,63.2,0,0.2,-0.2,3,26,3,1,28,Matches
68,Leonardo Bonucci\52ec54d0,it ITA,DF,Juventus,34-286,1987,15.0,776,888,87.4,20051,7453,128,140,91.4,418,439,95.2,226,295,76.6,0,0.4,-0.4,4,49,4,0,45,Matches
69,Mehdi Bourabia\0d077b88,ma MAR,MF,Spezia,30-188,1991,2.8,78,100,78.0,1291,330,36,39,92.3,39,45,86.7,3,14,21.4,0,0.0,0.0,1,7,0,0,6,Matches
70,Edoardo Bove\ae94a6c5,it ITA,MFDF,Roma,19-271,2002,0.4,16,17,94.1,311,55,10,10,100.0,4,4,100.0,2,3,66.7,0,0.0,0.0,0,2,0,0,2,Matches
71,Josip Brekalo\d4a2533d,hr CRO,FWMF,Torino,23-233,1998,13.7,451,640,70.5,8626,2022,196,239,82.0,168,222,75.7,72,134,53.7,0,2.5,-2.5,26,32,18,5,46,Matches
72,Gleison Bremer\5fd5ed86,br BRA,DF,Torino,24-330,1997,20.3,795,944,84.2,18108,4715,175,209,83.7,437,483,90.5,172,229,75.1,1,0.2,+0.8,7,34,2,0,35,Matches
73,Marcelo Brozović\33b8d077,hr CRO,MF,Inter,29-087,1992,21.2,1584,1727,91.7,31940,9025,595,638,93.3,712,758,93.9,261,302,86.4,1,1.4,-0.4,24,150,21,7,143,Matches
74,Aleksander Buksa\59f2d958,pl POL,FW,Genoa,19-027,2003,0.7,7,16,43.8,109,34,5,8,62.5,1,3,33.3,1,3,33.3,0,0.0,0.0,0,1,1,0,3,Matches
75,Alessandro Buongiorno\4ae67f27,it ITA,DF,Torino,22-250,1999,9.0,312,388,80.4,5703,1586,139,157,88.5,129,157,82.2,38,62,61.3,1,0.6,+0.4,3,26,0,0,18,Matches
76,Gianluca Busio\4a0b7f07,us USA,MF,Venezia,19-259,2002,16.4,608,721,84.3,12583,2864,214,248,86.3,279,307,90.9,106,142,74.6,1,1.6,-0.6,16,52,11,1,46,Matches
77,Liberato Cacace\dd86e8e4,nz NZL,DF,Empoli,21-137,2000,0.2,11,14,78.6,159,106,7,7,100.0,4,7,57.1,0,0,,0,0.0,0.0,0,0,0,0,0,Matches
78,Martín Cáceres\e94d79e3,uy URU,DF,Cagliari,34-310,1987,9.2,318,458,69.4,6934,2499,105,126,83.3,141,184,76.6,65,126,51.6,1,0.4,+0.6,5,31,4,1,26,Matches
79,Felipe Caicedo\93b891d1,ec ECU,FW,Genoa,33-159,1988,3.2,53,77,68.8,660,95,36,47,76.6,11,17,64.7,1,3,33.3,2,0.9,+1.1,6,2,3,0,4,Matches
80,Davide Calabria\2146785a,it ITA,DF,Milan,25-067,1996,11.2,464,606,76.6,8826,3673,195,220,88.6,202,252,80.2,61,111,55.0,2,0.8,+1.2,7,46,11,8,53,Matches
81,Riccardo Calafiori\aded8e6f,it ITA,DF,Genoa,19-268,2002,0.6,7,14,50.0,130,65,3,4,75.0,4,8,50.0,0,1,0.0,0,0.0,0.0,0,0,0,0,1,Matches
82,Riccardo Calafiori\aded8e6f,it ITA,DF,Roma,19-268,2002,1.9,67,83,80.7,1164,337,33,37,89.2,25,28,89.3,8,15,53.3,1,0.8,+0.2,1,0,2,1,3,Matches
83,Mattia Caldara\ac7e640b,it ITA,DF,Venezia,27-282,1994,18.0,607,726,83.6,13286,4623,189,201,94.0,295,324,91.0,121,191,63.4,0,0.0,0.0,1,29,2,0,34,Matches
84,Hakan Çalhanoğlu\cd0fa27b,tr TUR,MF,Inter,28-003,1994,15.3,866,1060,81.7,17120,4937,368,406,90.6,332,381,87.1,149,238,62.6,8,5.0,+3.0,55,91,23,8,85,Matches
85,José Callejón\78841da9,es ESP,FW,Fiorentina,35-000,1987,13.0,437,556,78.6,7751,1968,215,250,86.0,171,207,82.6,47,85,55.3,2,2.4,-0.4,19,23,17,5,41,Matches
86,Andrea Cambiaso\247ed022,it ITA,DF,Genoa,21-356,2000,18.0,641,824,77.8,10839,3463,313,351,89.2,270,339,79.6,49,91,53.8,4,1.5,+2.5,17,29,17,8,44,Matches
87,Matteo Cancellieri\b6a1cdf9,it ITA,MFDF,Hellas Verona,19-364,2002,1.9,20,35,57.1,330,59,11,16,68.8,4,11,36.4,4,5,80.0,0,0.1,-0.1,2,4,1,0,1,Matches
88,Antonio Candreva\356c9002,it ITA,MFFW,Sampdoria,34-348,1987,22.8,799,1229,65.0,16334,6592,347,422,82.2,257,381,67.5,172,363,47.4,7,5.1,+1.9,61,87,52,16,128,Matches
89,Leonardo Capezzi\07ea0ef2,it ITA,MF,Salernitana,26-320,1995,1.9,41,48,85.4,714,210,19,23,82.6,17,18,94.4,4,5,80.0,0,0.0,0.0,0,2,1,0,3,Matches
90,Gianluca Caprari\54e53b7e,it ITA,FWMF,Hellas Verona,28-196,1993,17.3,586,782,74.9,9134,2513,325,375,86.7,188,244,77.0,47,105,44.8,5,4.3,+0.7,37,37,40,3,76,Matches
91,Francesco Caputo\5bd72174,it ITA,FW,Sampdoria,34-189,1987,18.0,266,353,75.4,3958,560,156,197,79.2,83,105,79.0,17,28,60.7,3,2.5,+0.5,26,14,11,1,16,Matches
92,Francesco Caputo\5bd72174,it ITA,FW,Sassuolo,34-189,1987,1.7,28,35,80.0,367,35,16,20,80.0,10,11,90.9,0,0,,1,0.4,+0.6,3,1,1,0,2,Matches
93,Andrea Carboni\f7e2af2c,it ITA,DF,Cagliari,21-007,2001,19.5,652,858,76.0,12899,4524,241,264,91.3,316,377,83.8,88,190,46.3,0,0.0,0.0,2,56,8,3,58,Matches
94,Nicolò Casale\3f5f38fb,it ITA,DF,Hellas Verona,23-362,1998,17.7,611,744,82.1,11618,4116,223,258,86.4,289,335,86.3,81,117,69.2,1,1.1,-0.1,9,40,9,5,52,Matches
95,Francesco Cassata\96960855,it ITA,MF,Genoa,24-210,1997,0.1,1,1,100.0,50,4,0,0,,0,0,,1,1,100.0,0,0.0,0.0,0,0,0,0,0,Matches
96,Samu Castillejo\130a7a3f,es ESP,FWMF,Milan,27-024,1995,1.4,56,68,82.4,1028,235,29,31,93.5,13,14,92.9,13,19,68.4,0,0.2,-0.2,2,3,4,3,4,Matches
97,Gaetano Castrovilli\0728bebe,it ITA,MF,Fiorentina,24-359,1997,7.0,170,231,73.6,3106,763,71,88,80.7,79,95,83.2,16,34,47.1,1,0.2,+0.8,3,15,9,1,26,Matches
98,Danilo Cataldi\ba3d3bea,it ITA,MF,Lazio,27-189,1994,12.9,760,869,87.5,13974,3812,338,358,94.4,318,356,89.3,92,136,67.6,1,1.5,-0.5,8,63,8,0,49,Matches
99,Pietro Ceccaroni\4d1efb48,it ITA,DF,Venezia,26-052,1995,21.7,945,1109,85.2,19543,7526,259,286,90.6,554,593,93.4,128,214,59.8,0,0.1,-0.1,3,48,4,2,47,Matches
100,Federico Ceccherini\d9624b51,it ITA,DF,Hellas Verona,29-276,1992,15.2,601,730,82.3,11082,3683,241,283,85.2,275,303,90.8,70,118,59.3,0,0.3,-0.3,6,42,5,0,52,Matches
101,Emil Ceide\98a84572,no NOR,FW,Sassuolo,20-161,2001,0.1,3,6,50.0,34,13,2,3,66.7,1,2,50.0,0,0,,0,0.0,0.0,0,0,0,0,1,Matches
102,Luca Ceppitelli\7d50454d,it ITA,DF,Cagliari,32-184,1989,12.1,512,607,84.3,10307,3182,168,182,92.3,260,282,92.2,76,126,60.3,1,0.0,+1.0,0,22,2,0,29,Matches
103,Damir Ceter\eade5337,co COL,FW,Cagliari,24-101,1997,0.1,1,2,50.0,55,0,0,1,0.0,0,0,,1,1,100.0,0,0.0,0.0,0,0,0,0,0,Matches
104,Julian Chabot\ae7058f9,de GER,DF,Sampdoria,23-364,1998,5.4,202,245,82.4,4756,1713,53,59,89.8,99,108,91.7,48,76,63.2,0,0.0,0.0,0,15,1,0,19,Matches
105,Giorgio Chiellini\e85fb9b8,it ITA,DF,Juventus,37-181,1984,10.5,563,667,84.4,12649,4102,137,150,91.3,301,341,88.3,117,162,72.2,0,0.1,-0.1,3,50,1,0,39,Matches
106,Federico Chiesa\b0f7e36c,it ITA,MFFW,Juventus,24-109,1997,9.6,218,283,77.0,4199,1279,96,115,83.5,80,100,80.0,33,53,62.3,1,1.2,-0.2,17,12,12,6,28,Matches
107,Vlad Chiricheș\c316607a,ro ROU,DF,Sassuolo,32-089,1989,17.6,892,964,92.5,19079,5213,288,305,94.4,414,440,94.1,177,201,88.1,0,0.1,-0.1,3,25,1,0,33,Matches
108,Riccardo Ciervo\da77b60b,it ITA,MFDF,Sampdoria,19-316,2002,2.5,50,71,70.4,921,206,18,24,75.0,22,30,73.3,7,11,63.6,1,0.2,+0.8,4,4,1,1,3,Matches
109,Giorgio Cittadini\e4ba67f2,it ITA,DF,Atalanta,19-299,2002,0.0,0,0,,0,0,0,0,,0,0,,0,0,,0,0.0,0.0,0,0,0,0,0,Matches
110,Ebrima Colley\bf356094,gm GAM,FWMF,Spezia,22-010,2000,4.0,85,120,70.8,1566,486,37,43,86.0,38,51,74.5,10,23,43.5,0,1.6,-1.6,6,6,8,3,14,Matches
111,Omar Colley\8b95acda,gm GAM,DF,Sampdoria,29-110,1992,17.5,629,765,82.2,13428,3822,152,176,86.4,362,396,91.4,101,176,57.4,0,0.0,0.0,0,42,1,0,38,Matches
112,Andrea Consigli\8cabdc1e,it ITA,GK,Sassuolo,35-015,1987,23.0,738,938,78.7,20854,11501,147,150,98.0,294,299,98.3,290,482,60.2,0,0.0,0.0,1,6,1,0,0,Matches
113,Andrea Conti\8fef5412,it ITA,DF,Sampdoria,27-346,1994,0.5,7,11,63.6,143,89,3,4,75.0,2,4,50.0,2,3,66.7,0,0.0,0.0,0,0,0,0,0,Matches
114,Andrea Conti\8fef5412,it ITA,DF,Milan,27-346,1994,0.1,4,5,80.0,68,6,3,3,100.0,0,1,0.0,1,1,100.0,0,0.0,0.0,0,0,0,0,0,Matches
115,Diego Coppola\22ae86f9,it ITA,DF,Hellas Verona,18-045,2003,0.1,0,0,,0,0,0,0,,0,0,,0,0,,0,0.0,0.0,0,0,0,0,0,Matches
116,Joaquín Correa\45b9b619,ar ARG,FW,Inter,27-182,1994,6.1,139,175,79.4,1935,461,87,105,82.9,44,52,84.6,5,8,62.5,1,1.0,0.0,10,11,12,1,20,Matches
117,Lassana Coulibaly\85a44ecc,ml MLI,MF,Salernitana,25-307,1996,13.5,332,411,80.8,5572,1619,155,184,84.2,141,169,83.4,30,42,71.4,0,0.1,-0.1,4,38,8,0,32,Matches
118,Mamadou Coulibaly\c976160c,sn SEN,MFFW,Salernitana,23-008,1999,8.2,206,278,74.1,3610,1083,94,114,82.5,85,104,81.7,23,37,62.2,0,0.2,-0.2,5,23,2,1,22,Matches
119,Alessio Cragno\f554e29b,it ITA,GK,Cagliari,27-228,1994,21.0,475,730,65.1,17207,11984,78,78,100.0,148,151,98.0,249,501,49.7,0,0.0,0.0,0,15,0,0,0,Matches
120,Domenico Criscito\35dd6d80,it ITA,DF,Genoa,35-043,1986,14.4,626,798,78.4,12503,4871,212,234,90.6,323,369,87.5,83,173,48.0,1,0.5,+0.5,6,46,6,1,63,Matches
121,Bryan Cristante\16657b95,it ITA,MF,Roma,26-345,1995,18.8,925,1115,83.0,19883,5651,293,346,84.7,438,492,89.0,183,255,71.8,0,0.9,-0.9,9,133,14,2,117,Matches
122,Domen Črnigoj\22cd43d2,si SVN,MF,Venezia,26-085,1995,12.1,313,425,73.6,5856,1583,151,182,83.0,104,136,76.5,46,72,63.9,0,0.7,-0.7,8,22,5,4,24,Matches
123,Giovanni Crociata\8c964914,it ITA,FW,Empoli,24-184,1997,0.2,7,9,77.8,92,18,5,6,83.3,2,3,66.7,0,0,,0,0.0,0.0,0,1,1,0,1,Matches
124,Juan Cuadrado\0ab1f153,co COL,DFMF,Juventus,33-261,1988,18.0,1082,1265,85.5,22516,7092,396,432,91.7,498,546,91.2,183,269,68.0,0,2.8,-2.8,34,76,28,14,108,Matches
125,Mickaël Cuisance\5722eced,fr FRA,MF,Venezia,22-179,1999,3.2,92,119,77.3,1844,484,39,43,90.7,34,44,77.3,18,26,69.2,0,0.3,-0.3,4,10,3,0,8,Matches
126,Patrick Cutrone\a4fe8cda,it ITA,FW,Empoli,24-039,1998,11.1,129,191,67.5,2114,403,71,88,80.7,41,61,67.2,14,25,56.0,0,0.7,-0.7,6,5,6,1,14,Matches
127,Danilo D'Ambrosio\44eb9093,it ITA,DF,Inter,33-155,1988,5.7,377,410,92.0,7257,2015,160,167,95.8,162,173,93.6,52,65,80.0,0,0.0,0.0,1,19,1,0,13,Matches
128,Mikkel Damsgaard\215f3907,dk DEN,MFFW,Sampdoria,21-223,2000,5.7,178,231,77.1,2915,752,89,104,85.6,68,89,76.4,17,29,58.6,0,0.4,-0.4,9,16,7,1,24,Matches
129,Danilo\94b2001f,br BRA,DFMF,Juventus,30-211,1991,11.0,654,744,87.9,13158,4636,217,225,96.4,340,370,91.9,89,134,66.4,1,0.5,+0.5,7,60,4,3,44,Matches
130,Ebrima Darboe\cf043a33,gm GAM,MF,Roma,20-250,2001,0.7,38,40,95.0,921,150,6,6,100.0,20,22,90.9,11,11,100.0,0,0.0,0.0,0,4,0,0,1,Matches
131,Matteo Darmian\96e0490d,it ITA,DF,Inter,32-071,1989,12.1,392,496,79.0,6942,2675,169,190,88.9,181,221,81.9,34,57,59.6,1,0.8,+0.2,11,16,15,8,38,Matches
132,Paweł Dawidowicz\16bb656a,pl POL,DF,Hellas Verona,26-267,1995,13.2,517,600,86.2,9779,2859,192,204,94.1,245,282,86.9,68,89,76.4,0,0.1,-0.1,4,38,3,0,26,Matches
133,Sebastien De Maio\952a03fe,fr FRA,DF,Udinese,34-343,1987,2.0,55,79,69.6,1246,529,13,16,81.3,33,38,86.8,9,24,37.5,0,0.3,-0.3,1,3,0,0,2,Matches
134,Tommaso De Nipoti\7f9d956a,it ITA,MF,Atalanta,18-203,2003,0.1,1,2,50.0,9,0,1,2,50.0,0,0,,0,0,,0,0.0,0.0,0,0,0,0,0,Matches
135,Mattia De Sciglio\ae4e2852,it ITA,DF,Juventus,29-114,1992,7.3,286,355,80.6,5536,2023,122,145,84.1,120,137,87.6,40,62,64.5,0,1.2,-1.2,13,20,8,8,24,Matches
136,Lorenzo De Silvestri\e74f0e59,it ITA,DF,Bologna,33-264,1988,15.9,686,887,77.3,11839,5465,325,382,85.1,287,343,83.7,62,122,50.8,1,1.0,0.0,14,65,15,9,66,Matches
137,Grégoire Defrel\854ee61a,mq MTQ,FW,Sassuolo,30-239,1991,9.5,221,258,85.7,2999,430,143,158,90.5,59,71,83.1,9,15,60.0,1,1.1,-0.1,11,10,8,0,16,Matches
138,Alessandro Deiola\7f267d66,it ITA,MF,Cagliari,26-194,1995,15.0,408,500,81.6,7985,1615,154,175,88.0,179,220,81.4,65,82,79.3,0,1.0,-1.0,6,29,6,1,37,Matches
139,Filippo Delli Carri\d2e8fd9b,it ITA,DF,Salernitana,22-284,1999,4.7,86,120,71.7,1419,772,40,48,83.3,38,50,76.0,6,14,42.9,0,0.1,-0.1,1,5,1,1,4,Matches
140,Merih Demiral\e3cceee6,tr TUR,DF,Atalanta,23-343,1998,13.7,425,492,86.4,9468,2158,92,105,87.6,243,267,91.0,84,108,77.8,1,0.0,+1.0,1,18,0,0,12,Matches
141,Diego Demme\dc3fa3b5,de GER,MF,Napoli,30-082,1991,4.6,329,362,90.9,5532,1380,160,165,97.0,135,148,91.2,27,40,67.5,0,0.3,-0.3,3,28,4,2,21,Matches
142,Fabio Depaoli\d97f2e8d,it ITA,MFDF,Sampdoria,24-293,1997,1.2,22,33,66.7,401,153,10,10,100.0,9,11,81.8,3,6,50.0,0,0.0,0.0,0,3,0,0,4,Matches
143,Fabio Depaoli\d97f2e8d,it ITA,DF,Hellas Verona,24-293,1997,2.5,76,118,64.4,1450,728,33,43,76.7,31,40,77.5,10,25,40.0,0,0.0,0.0,1,7,9,3,15,Matches
144,Mattia Destro\d7d32194,it ITA,FW,Genoa,30-328,1991,13.2,152,247,61.5,2145,568,98,144,68.1,43,73,58.9,7,15,46.7,0,0.3,-0.3,6,16,5,1,23,Matches
145,Gerard Deulofeu\39583cfd,es ESP,FWMF,Udinese,27-335,1994,16.1,379,546,69.4,6583,2515,193,234,82.5,135,169,79.9,46,100,46.0,2,3.2,-1.2,39,20,32,0,62,Matches
146,Jacopo Dezi\e921b9db,it ITA,MF,Venezia,30-001,1992,0.2,22,26,84.6,495,144,5,6,83.3,14,15,93.3,3,5,60.0,0,0.0,0.0,1,3,3,1,5,Matches
147,Samuel Di Carmine\ef94dc2f,it ITA,FW,Hellas Verona,33-144,1988,0.4,5,5,100.0,81,8,3,3,100.0,2,2,100.0,0,0,,0,0.0,0.0,0,0,0,0,0,Matches
148,Federico Di Francesco\1fca9171,it ITA,FWMF,Empoli,27-242,1994,10.7,181,274,66.1,3040,1038,96,120,80.0,56,86,65.1,19,45,42.2,0,1.0,-1.0,15,18,12,1,29,Matches
149,Giovanni Di Lorenzo\230a2fac,it ITA,DF,Napoli,28-191,1993,23.8,1631,1845,88.4,27825,9915,785,848,92.6,690,758,91.0,129,173,74.6,1,1.3,-0.3,21,123,32,4,129,Matches
150,Francesco Di Mariano\35a2557c,it ITA,FW,Venezia,25-297,1996,0.7,11,14,78.6,230,28,3,4,75.0,5,6,83.3,3,4,75.0,0,0.1,-0.1,1,0,1,1,0,Matches
151,Francesco Di Tacchio\b5c3ff9f,it ITA,MF,Salernitana,31-297,1990,13.9,432,535,80.7,7972,2552,181,205,88.3,175,203,86.2,63,102,61.8,0,0.1,-0.1,3,50,8,0,50,Matches
152,Amadou Diawara\bf309d24,gn GUI,MF,Roma,24-209,1997,1.9,55,70,78.6,944,222,27,30,90.0,24,29,82.8,3,8,37.5,0,0.0,0.0,1,4,0,0,3,Matches
153,Brahim Díaz\407feb71,es ESP,MF,Milan,22-192,1999,14.2,465,541,86.0,7606,1712,247,276,89.5,165,183,90.2,39,58,67.2,3,1.7,+1.3,20,46,19,1,53,Matches
154,Mitchell Dijks\0a3065c8,nl NED,DF,Bologna,29-002,1993,2.7,74,93,79.6,1281,619,37,43,86.0,27,33,81.8,10,15,66.7,0,0.2,-0.2,3,3,2,2,4,Matches
155,Federico Dimarco\970b8574,it ITA,DF,Inter,24-093,1997,9.1,517,641,80.7,9709,3378,254,269,94.4,178,208,85.6,74,130,56.9,2,2.8,-0.8,31,40,15,8,47,Matches
156,Filippo Distefano\2110f96c,it ITA,FW,Fiorentina,18-167,2003,0.0,2,2,100.0,45,0,0,0,,2,2,100.0,0,0,,0,0.0,0.0,0,0,0,0,0,Matches
157,Koffi Djidji\933d3b51,ci CIV,DF,Torino,29-073,1992,13.1,537,635,84.6,10918,2927,188,211,89.1,250,267,93.6,91,140,65.0,0,0.1,-0.1,2,35,6,2,36,Matches
158,Berat Djimsiti\6eee05f1,al ALB,DF,Atalanta,28-357,1993,15.3,738,875,84.3,13777,4750,314,346,90.8,313,344,91.0,99,163,60.7,1,0.6,+0.4,5,51,6,4,51,Matches
159,Nicolás Domínguez\20b3a502,ar ARG,MF,Bologna,23-228,1998,18.9,851,1022,83.3,15887,4141,375,415,90.4,347,392,88.5,118,177,66.7,2,1.4,+0.6,22,78,24,2,79,Matches
160,Bartłomiej Drągowski\085e71a7,pl POL,GK,Fiorentina,24-176,1997,4.2,180,222,81.1,5176,2524,25,25,100.0,81,84,96.4,73,112,65.2,0,0.0,0.0,0,2,0,0,0,Matches
161,Radu Drăgușin\620922ed,ro ROU,DF,Sampdoria,20-008,2002,6.9,177,253,70.0,3899,1419,40,56,71.4,98,130,75.4,36,61,59.0,0,0.1,-0.1,2,9,3,1,12,Matches
162,Radu Drăgușin\620922ed,ro ROU,DF,Salernitana,20-008,2002,1.0,40,47,85.1,749,175,16,17,94.1,18,18,100.0,5,8,62.5,0,0.0,0.0,0,0,0,0,2,Matches
163,Denzel Dumfries\481c9ece,nl NED,DF,Inter,25-299,1996,11.5,325,431,75.4,5173,1785,160,191,83.8,133,177,75.1,22,41,53.7,2,2.3,-0.3,14,13,12,3,35,Matches
164,Alfred Duncan\528492ea,gh GHA,MF,Fiorentina,28-338,1993,12.1,377,494,76.3,7872,2254,144,171,84.2,157,199,78.9,70,98,71.4,2,1.2,+0.8,13,43,20,2,58,Matches
165,Paulo Dybala\e0921a4f,ar ARG,FWMF,Juventus,28-088,1993,14.5,616,747,82.5,11730,2336,288,336,85.7,224,260,86.2,95,131,72.5,4,2.9,+1.1,27,47,19,4,62,Matches
166,Edin Džeko\3bb7f478,ba BIH,FW,Inter,35-331,1986,16.9,387,523,74.0,6809,1669,197,244,80.7,124,165,75.2,52,75,69.3,3,2.5,+0.5,26,29,28,6,52,Matches
167,Tyronne Ebuehi\6af30900,ng NGA,DF,Venezia,26-057,1995,9.2,302,388,77.8,5534,1901,130,153,85.0,134,159,84.3,35,56,62.5,0,0.2,-0.2,3,15,5,3,19,Matches
168,Albin Ekdal\f503ea63,se SWE,MF,Sampdoria,32-198,1989,12.6,393,495,79.4,7092,1813,179,208,86.1,165,202,81.7,44,69,63.8,0,0.1,-0.1,3,36,5,0,53,Matches
169,Caleb Ekuban\7afbd2c3,gh GHA,FWMF,Genoa,27-325,1994,13.6,214,307,69.7,2972,558,145,181,80.1,52,77,67.5,11,16,68.8,0,0.9,-0.9,8,9,5,0,16,Matches
170,Elif Elmas\cf007308,mk MKD,FWMF,Napoli,22-140,1999,13.2,526,602,87.4,7534,1361,320,351,91.2,163,180,90.6,25,40,62.5,1,1.5,-0.5,15,31,16,2,25,Matches
171,Martin Erlic\0fee6bda,hr CRO,DF,Spezia,24-018,1998,16.2,525,623,84.3,11782,3275,127,142,89.4,285,310,91.9,102,155,65.8,0,0.3,-0.3,2,20,1,0,12,Matches
172,Gonzalo Escalante\3f79a1c8,ar ARG,MF,Lazio,28-321,1993,0.1,4,5,80.0,72,10,1,1,100.0,3,4,75.0,0,0,,0,0.0,0.0,0,0,0,0,0,Matches
173,Diego Falcinelli\a39b9ef6,it ITA,FWMF,Bologna,30-230,1991,0.5,7,10,70.0,86,10,6,9,66.7,1,1,100.0,0,0,,0,0.0,0.0,0,0,0,0,0,Matches
174,Wladimiro Falcone\9f5a610b,it ITA,GK,Sampdoria,26-305,1995,4.5,102,157,65.0,3186,1978,16,16,100.0,44,45,97.8,42,96,43.8,0,0.0,0.0,0,1,0,0,0,Matches
175,Paolo Faragò\9085dd7c,it ITA,MF,Cagliari,28-364,1993,0.2,7,7,100.0,97,10,2,2,100.0,3,3,100.0,0,0,,0,0.0,0.0,0,1,0,0,0,Matches
176,Davide Faraoni\aae9d04a,it ITA,DF,Hellas Verona,30-109,1991,18.4,632,885,71.4,11910,6149,287,340,84.4,243,322,75.5,94,195,48.2,4,2.1,+1.9,14,56,41,15,100,Matches
177,Mohamed Fares\b7a5bc86,dz ALG,DFFW,Genoa,25-361,1996,6.5,177,257,68.9,3285,1354,95,114,83.3,51,77,66.2,30,53,56.6,1,0.5,+0.5,5,10,11,6,25,Matches
178,Diego Farias\157d29b6,br BRA,MFFW,Cagliari,31-277,1990,0.7,29,35,82.9,510,59,14,15,93.3,13,16,81.3,1,2,50.0,0,0.0,0.0,0,0,1,0,1,Matches
179,Andrea Favilli\44510fde,it ITA,FW,Genoa,24-270,1997,0.4,5,6,83.3,66,0,4,4,100.0,1,1,100.0,0,0,,0,0.0,0.0,0,0,0,0,0,Matches
180,Federico Fazio\4e358a2d,ar ARG,DF,Salernitana,34-331,1987,1.0,48,54,88.9,947,228,12,14,85.7,31,33,93.9,4,6,66.7,0,0.0,0.0,0,1,0,0,3,Matches
181,Luiz Felipe\15d0c248,br BRA,DF,Lazio,24-326,1997,20.5,1216,1321,92.1,24006,7861,398,426,93.4,626,663,94.4,162,195,83.1,0,0.1,-0.1,2,68,2,0,52,Matches
182,Alex Ferrari\d0dbca9f,it ITA,DF,Sampdoria,27-225,1994,7.8,306,373,82.0,6454,1807,82,95,86.3,168,188,89.4,50,77,64.9,0,0.0,0.0,0,18,2,0,17,Matches
183,Salvador Ferrer\eb76987d,es ESP,DFMF,Spezia,24-021,1998,10.8,408,514,79.4,8257,2585,150,177,84.7,184,222,82.9,70,99,70.7,0,0.6,-0.6,9,35,11,8,38,Matches
184,Riccardo Fiamozzi\9f9b9269,it ITA,DF,Empoli,28-269,1993,4.3,193,267,72.3,3888,1696,83,96,86.5,74,93,79.6,34,59,57.6,0,0.3,-0.3,4,14,4,1,25,Matches
185,Luca Fiordilino\9bb1ad91,it ITA,MF,Venezia,25-201,1996,2.3,105,115,91.3,1887,336,49,52,94.2,42,45,93.3,12,14,85.7,0,0.0,0.0,2,3,0,0,6,Matches
186,Vincenzo Fiorillo\a2565f79,it ITA,GK,Salernitana,32-029,1990,2.0,23,31,74.2,955,675,0,0,,7,7,100.0,16,24,66.7,0,0.0,0.0,0,0,0,0,0,Matches
187,Alessandro Florenzi\e288d4b3,it ITA,DFFW,Milan,30-337,1991,10.0,504,621,81.2,9886,3190,188,202,93.1,230,252,91.3,75,140,53.6,0,1.0,-1.0,9,40,19,6,46,Matches
188,Fernando Forestieri\d60c26fc,it ITA,FWMF,Udinese,32-027,1990,0.6,16,23,69.6,228,84,10,10,100.0,6,7,85.7,0,5,0.0,1,0.1,+0.9,1,2,1,0,4,Matches
189,Francesco Forte\69e11a01,it ITA,FW,Venezia,28-286,1993,4.7,55,77,71.4,784,127,31,39,79.5,22,31,71.0,0,1,0.0,0,0.1,-0.1,3,2,1,0,5,Matches
190,Davide Frattesi\2a7d27c1,it ITA,MF,Sassuolo,22-112,1999,20.3,677,810,83.6,11865,2852,332,377,88.1,267,306,87.3,67,89,75.3,1,2.7,-1.7,20,58,19,4,74,Matches
191,Remo Freuler\98d2c2c4,ch SUI,MF,Atalanta,29-302,1992,16.0,905,1037,87.3,16066,4327,386,420,91.9,407,451,90.2,87,126,69.0,0,1.1,-1.1,16,100,29,4,102,Matches
192,Matteo Gabbia\c235e803,it ITA,DF,Milan,22-113,1999,5.1,309,352,87.8,7030,1998,67,77,87.0,174,185,94.1,66,86,76.7,0,0.1,-0.1,1,19,1,0,17,Matches
193,Manolo Gabbiadini\8f866fe8,it ITA,FWMF,Sampdoria,30-077,1991,12.7,225,342,65.8,3549,1110,127,161,78.9,66,100,66.0,23,52,44.2,1,1.7,-0.7,16,22,14,4,34,Matches
194,Gianluca Gaetano\3b387cc7,it ITA,MF,Napoli,21-282,2000,0.2,9,11,81.8,141,40,4,5,80.0,5,6,83.3,0,0,,0,0.0,0.0,0,0,0,0,1,Matches
195,Luca Gagliano\1d00a56c,it ITA,MFDF,Cagliari,21-212,2000,0.1,6,8,75.0,98,5,3,3,100.0,3,3,100.0,0,1,0.0,0,0.0,0.0,0,0,0,0,0,Matches
196,Roberto Gagliardini\ce30bfc8,it ITA,MF,Inter,27-310,1994,4.7,186,223,83.4,2907,631,103,112,92.0,71,85,83.5,10,19,52.6,1,0.9,+0.1,2,14,1,0,11,Matches
197,Riccardo Gagliolo\173061c0,se SWE,DF,Salernitana,31-289,1990,11.8,350,442,79.2,7632,3117,106,120,88.3,162,191,84.8,76,117,65.0,1,0.0,+1.0,1,33,2,0,34,Matches
198,Nicolas Galazzi\a796492f,it ITA,DF,Venezia,21-055,2000,0.2,5,8,62.5,78,25,4,5,80.0,1,2,50.0,0,0,,0,0.0,0.0,0,0,0,0,1,Matches
199,Pablo Galdames Millán\dd403465,cl CHI,MF,Genoa,25-043,1996,3.9,115,140,82.1,2457,514,44,50,88.0,52,57,91.2,19,28,67.9,0,0.1,-0.1,2,4,3,1,10,Matches
200,Luca Gemello\53e494ec,it ITA,GK,Torino,21-223,2000,1.0,17,34,50.0,739,587,1,1,100.0,5,5,100.0,11,28,39.3,0,0.0,0.0,0,1,0,0,0,Matches
201,Paolo Ghiglione\71dc23da,it ITA,DF,Genoa,25-009,1997,6.7,215,339,63.4,4028,1914,97,110,88.2,84,129,65.1,32,81,39.5,1,0.4,+0.6,7,9,9,5,22,Matches
202,Faouzi Ghoulam\c5adc293,dz ALG,DF,Napoli,31-010,1991,2.3,147,176,83.5,2525,911,69,74,93.2,63,72,87.5,12,24,50.0,0,0.3,-0.3,6,21,5,3,13,Matches
203,Olivier Giroud\16ceb862,fr FRA,FW,Milan,35-134,1986,9.7,154,216,71.3,1992,319,96,131,73.3,36,52,69.2,7,10,70.0,1,1.4,-0.4,13,5,7,1,12,Matches
204,Diego Godín\fc4f85b1,uy URU,DF,Cagliari,35-360,1986,9.1,393,434,90.6,9063,2728,97,106,91.5,191,204,93.6,99,117,84.6,1,0.4,+0.6,3,26,0,0,12,Matches
205,Edoardo Goldaniga\4b029b31,it ITA,MFDF,Sassuolo,28-101,1993,0.0,1,1,100.0,17,17,0,0,,1,1,100.0,0,0,,0,0.0,0.0,0,0,0,0,0,Matches
206,Edoardo Goldaniga\4b029b31,it ITA,DF,Cagliari,28-101,1993,3.0,72,100,72.0,1914,879,21,28,75.0,26,34,76.5,25,36,69.4,0,0.0,0.0,0,5,2,1,6,Matches
207,Cedric Gondo\ff37d2ef,ci CIV,FW,Salernitana,25-078,1996,7.8,130,174,74.7,1901,349,79,98,80.6,30,37,81.1,13,18,72.2,0,0.6,-0.6,13,3,5,2,9,Matches
208,Nicolás González\2374aaca,ar ARG,FW,Fiorentina,23-311,1998,13.2,339,431,78.7,6640,1487,144,178,80.9,129,157,82.2,59,74,79.7,3,1.9,+1.1,16,20,22,7,44,Matches
209,Robin Gosens\2d970560,de GER,DF,Atalanta,27-221,1994,5.1,214,260,82.3,3691,1491,102,116,87.9,95,114,83.3,14,25,56.0,0,0.4,-0.4,5,13,7,1,35,Matches
210,Alberto Grassi\6cc97b6a,it ITA,MF,Cagliari,26-341,1995,12.0,418,493,84.8,7529,1443,185,208,88.9,182,209,87.1,45,63,71.4,0,0.2,-0.2,5,28,2,1,23,Matches
211,Koray Günter\f1f1f238,de GER,DF,Hellas Verona,27-179,1994,17.2,665,780,85.3,15265,5261,161,184,87.5,344,378,91.0,150,200,75.0,0,0.7,-0.7,5,37,0,0,60,Matches
212,Emmanuel Gyasi\f9758dae,gh GHA,FWDF,Spezia,28-031,1994,22.2,566,671,84.4,8303,1897,327,368,88.9,177,210,84.3,38,50,76.0,0,1.0,-1.0,16,20,13,3,43,Matches
213,Norbert Gyömbér\0be276c6,sk SVK,DF,Salernitana,29-223,1992,17.8,479,607,78.9,10532,3838,159,184,86.4,215,257,83.7,102,161,63.4,0,0.0,0.0,1,37,4,3,38,Matches
214,Nicolas Haas\fa449bba,ch SUI,MF,Empoli,26-019,1996,11.1,375,478,78.5,6425,2076,189,215,87.9,144,175,82.3,35,63,55.6,2,0.9,+1.1,13,29,16,4,51,Matches
215,Samir Handanović\74419746,si SVN,GK,Inter,37-212,1984,23.0,645,749,86.1,16925,10086,155,156,99.4,284,285,99.6,200,302,66.2,0,0.0,0.0,0,6,0,0,0,Matches
216,Ridgeciano Haps\c8d7131c,sr SUR,DF,Venezia,28-244,1993,10.0,312,402,77.6,6123,2418,125,142,88.0,129,159,81.1,53,84,63.1,1,0.3,+0.7,8,16,4,4,25,Matches
217,Abdou Harroui\65fd099c,nl NED,MF,Sassuolo,24-029,1998,4.2,224,260,86.2,4000,789,106,117,90.6,86,95,90.5,28,36,77.8,0,0.1,-0.1,4,30,0,0,12,Matches
218,Hans Hateboer\3b333ac3,nl NED,DF,Atalanta,28-033,1994,4.1,197,238,82.8,3028,734,124,137,90.5,63,79,79.7,9,15,60.0,0,0.2,-0.2,4,16,3,2,13,Matches
219,Silvan Hefti\f8342731,ch SUI,DF,Genoa,24-109,1997,4.2,107,148,72.3,1682,862,56,68,82.4,40,50,80.0,7,22,31.8,0,0.0,0.0,1,7,3,1,15,Matches
220,Liam Henderson\d7918b13,sct SCO,MF,Empoli,25-292,1996,17.2,465,662,70.2,8291,3029,205,253,81.0,188,253,74.3,59,113,52.2,2,3.0,-1.0,38,46,21,6,62,Matches
221,Dalbert Henrique\f45f9427,br BRA,DFMF,Cagliari,28-156,1993,12.4,323,443,72.9,6367,2372,122,147,83.0,146,182,80.2,49,90,54.4,1,1.1,-0.1,16,17,14,9,29,Matches
222,Matheus Henrique\a2d9f138,br BRA,MF,Sassuolo,24-054,1997,3.3,166,181,91.7,2901,727,73,77,94.8,68,71,95.8,20,25,80.0,1,0.4,+0.6,3,14,3,1,11,Matches
223,Thomas Henry\9ef42479,fr FRA,FW,Venezia,27-144,1994,13.1,156,244,63.9,2705,474,79,114,69.3,46,72,63.9,25,35,71.4,2,2.9,-0.9,12,14,5,1,13,Matches
224,Theo Hernández\d4c9725f,fr FRA,DF,Milan,24-128,1997,18.1,886,1078,82.2,15415,5206,444,490,90.6,339,399,85.0,84,138,60.9,4,3.4,+0.6,24,46,19,8,66,Matches
225,Hernani\6f5ead86,br BRA,MFFW,Genoa,27-321,1994,6.2,134,185,72.4,2196,492,78,95,82.1,39,55,70.9,12,22,54.5,0,0.3,-0.3,2,6,3,1,9,Matches
226,Daan Heymans\6d70c771,be BEL,MFFW,Venezia,22-241,1999,2.8,79,97,81.4,1357,270,34,42,81.0,37,42,88.1,7,10,70.0,1,0.3,+0.7,2,5,2,1,5,Matches
227,Aaron Hickey\1780bb4a,sct SCO,DF,Bologna,19-246,2002,17.9,637,763,83.5,9752,2657,351,382,91.9,241,291,82.8,33,61,54.1,0,0.5,-0.5,11,16,6,1,27,Matches
228,Martin Hongla\b85bf253,cm CMR,MF,Hellas Verona,23-332,1998,3.7,115,145,79.3,2311,435,42,49,85.7,49,62,79.0,21,28,75.0,0,0.0,0.0,1,9,0,0,6,Matches
229,Sydney van Hooijdonk\5b418e15,nl NED,FWMF,Bologna,22-005,2000,0.4,16,17,94.1,204,34,10,11,90.9,5,5,100.0,0,0,,0,0.0,0.0,1,2,0,0,0,Matches
230,Petko Hristov\d8800a46,bg BUL,DF,Spezia,22-347,1999,11.3,441,526,83.8,9853,3299,104,116,89.7,251,270,93.0,81,131,61.8,0,0.1,-0.1,2,20,1,0,22,Matches
231,Elseid Hysaj\2f3452eb,al ALB,DF,Lazio,27-356,1994,19.4,1067,1219,87.5,17450,5943,553,588,94.0,417,462,90.3,79,126,62.7,0,0.6,-0.6,10,65,13,3,61,Matches
232,Roger Ibanez\82efe6fa,br BRA,DF,Roma,23-080,1998,22.0,1129,1297,87.0,24159,7826,356,390,91.3,561,612,91.7,203,277,73.3,0,0.4,-0.4,10,59,6,1,67,Matches
233,Zlatan Ibrahimović\4cde5509,se SWE,FW,Milan,40-131,1981,10.1,284,389,73.0,4259,1111,161,212,75.9,93,121,76.9,18,27,66.7,1,1.7,-0.7,22,29,19,2,39,Matches
234,Igor\a4e85758,br BRA,DF,Fiorentina,24-004,1998,10.5,726,790,91.9,16489,4697,159,176,90.3,414,434,95.4,148,169,87.6,0,0.1,-0.1,2,54,2,0,40,Matches
235,Jonathan Ikone\42eaa028,fr FRA,FWMF,Fiorentina,23-285,1998,1.2,33,49,67.3,619,161,9,17,52.9,20,26,76.9,4,5,80.0,0,0.4,-0.4,3,3,4,2,7,Matches
236,Ivan Ilić\bb376bed,rs SRB,MF,Hellas Verona,20-331,2001,16.7,697,842,82.8,13667,3120,261,313,83.4,307,351,87.5,116,147,78.9,3,1.1,+1.9,13,57,11,4,54,Matches
237,Josip Iličić\68252d6d,si SVN,FWMF,Atalanta,34-013,1988,9.2,361,485,74.4,7239,2255,165,208,79.3,131,170,77.1,61,93,65.6,3,3.4,-0.4,31,38,24,3,54,Matches
238,Ciro Immobile\4431aed2,it ITA,FW,Lazio,31-356,1990,19.1,432,560,77.1,6073,654,274,323,84.8,106,142,74.6,28,44,63.6,2,1.6,+0.4,13,15,7,0,19,Matches
239,Lorenzo Insigne\2f557579,it ITA,FW,Napoli,30-252,1991,15.0,736,921,79.9,13502,3403,359,399,90.0,265,314,84.4,99,170,58.2,4,3.7,+0.3,41,45,35,6,79,Matches
240,Ardian Ismajli\6b635f5c,al ALB,DF,Empoli,25-134,1996,11.0,452,529,85.4,9786,3276,118,127,92.9,246,276,89.1,84,111,75.7,0,0.1,-0.1,2,41,0,0,26,Matches
241,Armando Izzo\89976232,it ITA,DF,Torino,29-346,1992,1.1,28,42,66.7,533,142,11,13,84.6,13,21,61.9,4,7,57.1,0,0.0,0.0,0,1,0,0,0,Matches
242,Mato Jajalo\8c65eb5f,ba BIH,MF,Udinese,33-262,1988,3.5,129,158,81.6,2382,580,54,59,91.5,57,65,87.7,15,27,55.6,1,0.2,+0.8,4,9,5,0,14,Matches
243,Paweł Jaroszyński\958a601f,pl POL,DF,Salernitana,27-132,1994,5.5,152,234,65.0,3141,1353,46,56,82.1,71,95,74.7,31,70,44.3,0,0.4,-0.4,6,8,3,3,12,Matches
244,Juan Jesus\79083382,br BRA,DF,Napoli,30-246,1991,10.3,560,616,90.9,10404,3332,203,215,94.4,273,287,95.1,66,90,73.3,0,0.2,-0.2,3,30,0,0,20,Matches
245,Dennis Johnsen\66784dee,no NOR,FWMF,Venezia,23-359,1998,12.1,141,230,61.3,2560,726,74,105,70.5,40,65,61.5,23,37,62.2,1,2.0,-1.0,19,6,13,4,19,Matches
246,Kaio Jorge\0cf465f2,br BRA,MFFW,Juventus,20-018,2002,1.3,29,38,76.3,502,61,16,20,80.0,8,12,66.7,5,5,100.0,0,0.3,-0.3,2,2,0,0,1,Matches
247,Flavio Junior Bianchi\3ef965c1,it ITA,FWMF,Genoa,22-018,2000,3.5,65,78,83.3,849,115,43,51,84.3,17,22,77.3,2,2,100.0,0,0.1,-0.1,3,1,1,0,4,Matches
248,Hamed Junior Traorè\570bb4b9,ci CIV,MFFW,Sassuolo,21-360,2000,9.5,363,447,81.2,6839,1918,162,179,90.5,149,175,85.1,49,77,63.6,1,2.1,-1.1,20,41,16,2,52,Matches
249,Nikola Kalinić\d4931a5a,hr CRO,FW,Hellas Verona,34-037,1988,4.5,85,102,83.3,1158,147,50,57,87.7,26,31,83.9,4,6,66.7,0,0.9,-0.9,7,2,2,0,4,Matches
250,Yayah Kallon\f95f49d2,sl SLE,FWMF,Genoa,20-226,2001,6.7,114,174,65.5,1696,354,67,94,71.3,38,56,67.9,6,14,42.9,1,1.0,0.0,9,3,4,1,9,Matches
251,Pierre Kalulu\85f7d1be,fr FRA,DF,Milan,21-251,2000,10.6,531,607,87.5,10790,3233,170,186,91.4,276,302,91.4,81,110,73.6,1,0.2,+0.8,4,29,8,5,28,Matches
252,Rick Karsdorp\9f84febe,nl NED,DF,Roma,27-000,1995,20.2,942,1159,81.3,18741,6759,343,392,87.5,453,527,86.0,137,206,66.5,1,3.0,-2.0,28,64,39,16,109,Matches
253,Denso Kasius\7ae36711,nl NED,DF,Bologna,19-128,2002,0.2,11,13,84.6,161,25,7,7,100.0,4,5,80.0,0,0,,0,0.1,-0.1,1,0,0,0,1,Matches
254,Grigoris Kastanos\2a82aa85,cy CYP,MF,Salernitana,24-012,1998,10.2,280,404,69.3,4859,1877,130,161,80.7,106,129,82.2,33,79,41.8,1,1.1,-0.1,20,25,11,1,42,Matches
255,Moise Kean\3d50bcdb,it ITA,FW,Juventus,21-348,2000,7.4,117,156,75.0,1755,178,65,83,78.3,38,48,79.2,9,14,64.3,0,0.0,0.0,1,3,2,1,3,Matches
256,Wajdi Kechrida\11962fe7,tn TUN,DFMF,Salernitana,26-098,1995,10.6,249,344,72.4,4109,2096,123,139,88.5,101,133,75.9,18,52,34.6,0,1.0,-1.0,13,21,14,8,38,Matches
257,Dimitrios Keramitsis\6f30a1d5,gr GRE,DF,Roma,17-225,2004,0.0,0,0,,0,0,0,0,,0,0,,0,0,,0,0.0,0.0,0,0,0,0,0,Matches
258,Franck Kessié\05e19d6a,ci CIV,MF,Milan,25-054,1996,13.9,695,778,89.3,13156,2843,273,294,92.9,322,349,92.3,89,113,78.8,0,0.8,-0.8,16,49,11,2,53,Matches
259,Jakub Kiwior\dc3e663e,pl POL,MFDF,Spezia,21-361,2000,8.8,241,301,80.1,4866,1163,84,99,84.8,116,136,85.3,36,55,65.5,0,0.1,-0.1,2,16,1,0,13,Matches
260,Sofian Kiyine\ce1806be,ma MAR,MFFW,Venezia,24-132,1997,10.0,272,369,73.7,6159,1920,86,107,80.4,116,145,80.0,67,104,64.4,0,1.8,-1.8,15,28,17,0,42,Matches
261,Simon Kjær\8b8a56ce,dk DEN,DF,Milan,32-322,1989,8.9,401,454,88.3,8921,2843,117,124,94.4,200,215,93.0,83,111,74.8,0,0.3,-0.3,2,27,3,2,27,Matches
262,Aleksandr Kokorin\fec5accc,ru RUS,FWMF,Fiorentina,30-329,1991,0.6,13,20,65.0,211,24,9,13,69.2,2,4,50.0,2,3,66.7,0,0.0,0.0,0,0,0,0,1,Matches
263,Aleksandar Kolarov\eda40760,rs SRB,DF,Inter,36-093,1985,0.5,30,37,81.1,563,235,12,14,85.7,11,14,78.6,5,7,71.4,0,0.0,0.0,0,4,1,0,3,Matches
264,Teun Koopmeiners\a26fb8aa,nl NED,MF,Atalanta,23-348,1998,12.3,711,892,79.7,14031,4451,268,308,87.0,326,366,89.1,101,187,54.0,1,1.7,-0.7,19,76,21,7,83,Matches
265,Kalidou Koulibaly\da974c7b,sn SEN,DF,Napoli,30-236,1991,13.7,792,879,90.1,15623,5758,297,317,93.7,367,390,94.1,117,151,77.5,1,0.1,+0.9,2,66,2,0,57,Matches
266,Christos Kourfalidis\5c522c88,gr GRE,MFDF,Cagliari,19-092,2002,0.2,6,11,54.5,162,24,0,2,0.0,4,5,80.0,2,3,66.7,0,0.0,0.0,0,1,0,0,0,Matches
267,Viktor Kovalenko\9d60028d,ua UKR,MF,Spezia,25-362,1996,10.3,350,451,77.6,6251,1511,166,201,82.6,137,163,84.0,40,69,58.0,2,0.9,+1.1,10,26,4,0,33,Matches
268,Julian Kristoffersen\b804c280,no NOR,FW,Salernitana,24-277,1997,0.1,1,2,50.0,7,5,1,1,100.0,0,0,,0,0,,0,0.0,0.0,0,1,0,0,0,Matches
269,Rade Krunić\817c6964,ba BIH,MFFW,Milan,28-127,1993,11.7,370,439,84.3,5479,1228,213,245,86.9,119,137,86.9,20,28,71.4,1,0.5,+0.5,11,32,9,0,31,Matches
270,Dejan Kulusevski\df3cda47,se SWE,FWMF,Juventus,21-292,2000,8.6,196,244,80.3,2991,663,109,138,79.0,68,74,91.9,14,18,77.8,3,1.2,+1.8,10,10,13,3,22,Matches
271,Marash Kumbulla\a40819d9,al ALB,DF,Roma,22-003,2000,4.4,257,283,90.8,5709,1430,62,69,89.9,149,156,95.5,45,52,86.5,0,0.0,0.0,1,8,0,0,9,Matches
272,Giorgos Kyriakopoulos\0a483542,gr GRE,DFFW,Sassuolo,26-006,1996,10.9,548,673,81.4,9612,3286,258,276,93.5,230,259,88.8,51,110,46.4,1,2.0,-1.0,17,30,10,7,32,Matches
273,Andrea La Mantia\c375dfa5,it ITA,FWMF,Empoli,30-281,1991,1.9,27,34,79.4,343,86,15,19,78.9,9,10,90.0,0,1,0.0,0,0.1,-0.1,3,0,0,0,4,Matches
274,Sam Lammers\c283ddef,nl NED,FW,Atalanta,24-287,1997,0.4,11,19,57.9,164,62,6,8,75.0,4,9,44.4,1,1,100.0,0,0.0,0.0,0,2,1,0,2,Matches
275,Kevin Lasagna\09538fdb,it ITA,FWMF,Hellas Verona,29-185,1992,8.2,135,189,71.4,2073,482,77,100,77.0,37,52,71.2,11,16,68.8,1,1.4,-0.4,11,8,10,1,15,Matches
276,Darko Lazović\5128bde4,rs SRB,DF,Hellas Verona,31-149,1990,20.8,739,1045,70.7,12851,6364,325,402,80.8,344,454,75.8,59,127,46.5,3,2.3,+0.7,28,57,40,10,126,Matches
277,Manuel Lazzari\02caf6e0,it ITA,DF,Lazio,28-074,1993,9.4,452,527,85.8,6860,2110,256,272,94.1,152,178,85.4,28,48,58.3,0,0.4,-0.4,4,25,9,3,21,Matches
278,Rafael Leão\20730eae,pt POR,FW,Milan,22-246,1999,15.8,339,466,72.7,6036,1771,167,199,83.9,117,157,74.5,48,69,69.6,2,2.6,-0.6,23,28,28,6,62,Matches
279,Lucas Leiva\4c78b5ed,br BRA,MF,Lazio,35-033,1987,11.0,649,703,92.3,10607,3006,332,348,95.4,259,281,92.2,48,55,87.3,0,0.1,-0.1,2,59,1,1,32,Matches
280,Luca Lezzerini\c9c32262,it ITA,GK,Venezia,26-324,1995,4.5,139,167,83.2,3620,1727,24,24,100.0,67,67,100.0,45,73,61.6,0,0.0,0.0,1,0,0,0,0,Matches
281,Ben Lhassine Kone\7452c7a8,ci CIV,MF,Torino,21-334,2000,0.9,30,36,83.3,637,123,11,11,100.0,14,19,73.7,5,5,100.0,0,0.1,-0.1,2,1,0,0,3,Matches
282,Matthijs de Ligt\d6e53a3a,nl NED,DF,Juventus,22-183,1999,18.3,988,1087,90.9,21557,6077,261,281,92.9,540,563,95.9,180,232,77.6,0,0.3,-0.3,6,52,3,1,41,Matches
283,Anderson Lima\59be3a74,br BRA,MF,Lazio,22-141,1999,0.6,21,25,84.0,321,44,12,13,92.3,9,10,90.0,0,1,0.0,0,0.0,0.0,0,0,1,0,1,Matches
284,Karol Linetty\d023d70f,pl POL,MFFW,Torino,27-009,1995,8.4,180,227,79.3,2593,701,103,124,83.1,68,79,86.1,5,14,35.7,0,1.2,-1.2,13,15,5,0,17,Matches
285,Stanislav Lobotka\e1cbb531,sk SVK,MF,Napoli,27-078,1994,10.9,926,989,93.6,15593,3432,454,473,96.0,384,407,94.3,71,81,87.7,0,0.7,-0.7,13,84,5,0,55,Matches
286,Manuel Locatelli\a8a874f1,it ITA,MF,Juventus,24-034,1998,17.5,934,1087,85.9,19308,5963,340,382,89.0,428,474,90.3,157,213,73.7,1,0.9,+0.1,15,102,20,0,95,Matches
287,Maxime Lopez\20094685,fr FRA,MF,Sassuolo,24-069,1997,21.8,1605,1751,91.7,28797,8281,691,740,93.4,709,756,93.8,173,205,84.4,0,1.7,-1.7,28,150,7,1,143,Matches
288,Matteo Lovato\5fa57166,it ITA,DF,Cagliari,21-362,2000,3.5,133,157,84.7,2966,939,28,34,82.4,81,86,94.2,23,34,67.6,0,0.0,0.0,0,2,0,0,2,Matches
289,Matteo Lovato\5fa57166,it ITA,DFMF,Atalanta,21-362,2000,3.4,167,196,85.2,3263,1050,70,79,88.6,75,87,86.2,20,27,74.1,0,0.1,-0.1,2,9,2,0,6,Matches
290,Hirving Lozano\a69e4806,mx MEX,FW,Napoli,26-196,1995,12.3,343,432,79.4,5050,1145,191,221,86.4,125,150,83.3,13,23,56.5,3,1.4,+1.6,16,11,20,10,32,Matches
291,José Luis Palomino\921f6058,ar ARG,DF,Atalanta,32-037,1990,18.6,873,1044,83.6,18317,5684,263,293,89.8,448,498,90.0,155,229,67.7,0,0.2,-0.2,2,64,1,1,71,Matches
292,Saša Lukić\c6e8cf1f,rs SRB,MF,Torino,25-182,1996,21.5,1011,1161,87.1,18925,3878,404,454,89.0,447,495,90.3,139,165,84.2,2,3.3,-1.3,24,96,12,2,70,Matches
293,Sebastiano Luperto\997fff07,it ITA,DF,Empoli,25-158,1996,12.1,488,564,86.5,10797,3698,116,128,90.6,269,289,93.1,96,135,71.1,1,0.2,+0.8,3,38,5,0,39,Matches
294,Charalambos Lykogiannis\5efc5389,gr GRE,DF,Cagliari,28-112,1993,15.6,353,557,63.4,6991,3158,118,147,80.3,184,249,73.9,47,133,35.3,0,0.8,-0.8,9,24,9,6,25,Matches
295,Niki Mäenpää\14a96e1c,fi FIN,GK,Venezia,37-019,1985,5.5,122,168,72.6,3087,1488,28,29,96.6,59,60,98.3,33,76,43.4,0,0.0,0.0,0,1,0,0,0,Matches
296,Giulio Maggiore\957e4c87,it ITA,MF,Spezia,23-336,1998,19.6,575,747,77.0,10449,3021,264,322,82.0,237,281,84.3,65,116,56.0,2,1.8,+0.2,26,52,19,1,75,Matches
297,Francesco Magnanelli\07767f42,it ITA,MF,Sassuolo,37-091,1984,1.6,118,133,88.7,2141,476,48,52,92.3,55,60,91.7,14,18,77.8,0,0.0,0.0,0,13,0,0,6,Matches
298,Giangiacomo Magnani\cce9f582,it ITA,DF,Sampdoria,26-130,1995,1.0,66,76,86.8,1397,418,12,13,92.3,41,44,93.2,11,16,68.8,0,0.0,0.0,0,2,0,0,5,Matches
299,Giangiacomo Magnani\cce9f582,it ITA,DF,Hellas Verona,26-130,1995,5.9,177,223,79.4,3772,1114,51,58,87.9,87,101,86.1,35,56,62.5,0,0.0,0.0,0,16,1,0,8,Matches
300,Mike Maignan\fcb38f57,fr FRA,GK,Milan,26-223,1995,18.0,481,611,78.7,14108,8330,94,94,100.0,193,193,100.0,193,323,59.8,0,0.1,-0.1,1,8,0,0,0,Matches
301,Ainsley Maitland-Niles\e3a5814e,eng ENG,DF,Roma,24-166,1997,3.3,150,200,75.0,2718,1029,66,79,83.5,63,76,82.9,18,34,52.9,0,0.3,-0.3,3,6,3,1,10,Matches
302,Jean-Victor Makengo\22bfb57e,fr FRA,MF,Udinese,23-244,1998,15.1,352,430,81.9,5683,1255,186,215,86.5,128,145,88.3,32,47,68.1,2,0.9,+1.1,17,29,7,1,25,Matches
303,Nikola Maksimović\16b9d5cf,rs SRB,DF,Genoa,30-078,1991,4.8,216,242,89.3,4843,1457,50,56,89.3,116,120,96.7,46,60,76.7,0,0.0,0.0,0,11,0,0,6,Matches
304,Kévin Malcuit\d6a889ea,ma MAR,DF,Napoli,30-195,1991,2.0,72,100,72.0,1210,459,35,45,77.8,30,37,81.1,5,13,38.5,1,0.4,+0.6,2,4,2,1,6,Matches
305,Daniel Maldini\801831fe,it ITA,MFFW,Milan,20-123,2001,1.6,31,48,64.6,494,109,16,20,80.0,13,19,68.4,1,3,33.3,0,0.1,-0.1,1,1,1,0,4,Matches
306,Youssef Maleh\4c8845f7,it ITA,MF,Fiorentina,23-173,1998,5.7,188,234,80.3,3377,758,87,99,87.9,70,84,83.3,24,36,66.7,0,0.5,-0.5,7,16,4,1,13,Matches
307,Ruslan Malinovskyi\48d5bd33,ua UKR,FWMF,Atalanta,28-283,1993,13.0,520,703,74.0,10012,2875,233,270,86.3,197,248,79.4,81,149,54.4,1,4.1,-3.1,34,40,35,6,80,Matches
308,Rey Manaj\7703afb6,al ALB,FWMF,Spezia,24-352,1997,10.7,204,264,77.3,3017,631,121,139,87.1,64,90,71.1,12,14,85.7,0,0.7,-0.7,9,18,5,1,13,Matches
309,Gianluca Mancini\5aa53281,it ITA,DF,Roma,25-300,1996,21.8,1105,1281,86.3,24687,7906,269,294,91.5,619,662,93.5,210,305,68.9,0,0.2,-0.2,4,88,10,3,83,Matches
310,Leonardo Mancuso\311027cb,it ITA,FW,Empoli,29-261,1992,4.7,53,79,67.1,865,186,30,37,81.1,17,28,60.7,6,12,50.0,0,0.4,-0.4,4,2,6,2,5,Matches
311,Rolando Mandragora\c7259b83,it ITA,MF,Torino,24-227,1997,9.3,400,480,83.3,7342,1999,168,190,88.4,183,210,87.1,43,66,65.2,1,1.8,-0.8,17,49,6,2,46,Matches
312,Kostas Manolas\c707411f,gr GRE,DF,Napoli,30-242,1991,3.5,218,231,94.4,4462,1205,76,78,97.4,108,115,93.9,33,36,91.7,0,0.0,0.0,0,14,0,0,2,Matches
313,Riccardo Marchizza\91d0fabf,it ITA,DF,Empoli,23-322,1998,15.0,462,649,71.2,8844,3338,193,216,89.4,197,249,79.1,65,147,44.2,0,1.6,-1.6,12,32,16,9,47,Matches
314,Gian Marco Ferrari\8650af85,it ITA,DF,Sassuolo,29-361,1992,23.8,1441,1596,90.3,29996,11086,451,481,93.8,717,772,92.9,243,306,79.4,0,0.1,-0.1,3,98,6,1,99,Matches
315,Pablo Marí\aa54ec6f,es ESP,DF,Udinese,28-164,1993,1.0,19,42,45.2,441,155,5,9,55.6,10,20,50.0,4,13,30.8,0,0.0,0.0,0,1,0,0,0,Matches
316,Răzvan Marin\7fac99d4,ro ROU,MF,Cagliari,25-264,1996,21.8,743,930,79.9,14556,4255,296,328,90.2,303,344,88.1,128,218,58.7,3,4.1,-1.1,44,77,24,5,82,Matches
317,Lucas Martínez Quarta\3ec3c1c9,ar ARG,DF,Fiorentina,25-277,1996,13.0,854,926,92.2,19912,6187,189,204,92.6,470,486,96.7,184,217,84.8,0,0.3,-0.3,2,54,2,0,42,Matches
318,Lautaro Martínez\f7036e1c,ar ARG,FW,Inter,24-173,1997,14.3,218,298,73.2,3130,734,124,154,80.5,61,88,69.3,14,19,73.7,2,2.5,-0.5,18,10,12,3,20,Matches
319,Adam Marušić\d4535821,me MNE,DF,Lazio,29-117,1992,17.9,977,1120,87.2,15704,5617,504,550,91.6,400,455,87.9,57,87,65.5,0,0.2,-0.2,3,59,5,2,45,Matches
320,Andrea Masiello\e0314d87,it ITA,DF,Genoa,36-006,1986,5.7,269,308,87.3,5618,1911,89,95,93.7,131,148,88.5,48,60,80.0,0,0.0,0.0,1,6,0,0,14,Matches
321,Borja Mayoral\64e8ed6d,es ESP,FWDF,Roma,24-312,1997,1.1,29,39,74.4,443,51,17,20,85.0,8,9,88.9,2,5,40.0,0,0.0,0.0,0,0,0,0,1,Matches
322,Pasquale Mazzocchi\eb0ec070,it ITA,DF,Salernitana,26-199,1995,0.9,36,49,73.5,635,346,16,19,84.2,16,19,84.2,3,6,50.0,0,0.0,0.0,0,0,0,0,0,Matches
323,Pasquale Mazzocchi\eb0ec070,it ITA,DF,Venezia,26-199,1995,13.8,444,580,76.6,8127,2951,194,220,88.2,185,229,80.8,55,106,51.9,0,0.8,-0.8,6,23,8,2,29,Matches
324,Ibrahima Mbaye\cfbf9881,sn SEN,DF,Bologna,27-084,1994,0.8,25,32,78.1,318,179,16,18,88.9,9,12,75.0,0,2,0.0,0,0.0,0.0,0,2,0,0,2,Matches
325,Weston McKennie\01c3aff5,us USA,MF,Juventus,23-167,1998,13.7,399,525,76.0,6851,1743,206,255,80.8,142,187,75.9,40,55,72.7,0,0.9,-0.9,13,33,12,1,31,Matches
326,Gary Medel\563a68ad,cl CHI,DF,Bologna,34-192,1987,20.0,994,1102,90.2,23041,7434,246,260,94.6,494,514,96.1,247,313,78.9,1,0.0,+1.0,1,39,3,1,40,Matches
327,Filippo Melegoni\6604165d,it ITA,MFFW,Genoa,22-358,1999,3.2,88,120,73.3,1444,432,42,47,89.4,36,43,83.7,7,18,38.9,0,0.2,-0.2,2,2,2,0,12,Matches
328,Arthur Melo\48b3dd60,br BRA,MF,Juventus,25-183,1996,4.8,286,320,89.4,6037,1304,90,104,86.5,149,157,94.9,45,49,91.8,0,0.1,-0.1,4,33,1,0,22,Matches
329,Alex Meret\9413b19f,it ITA,GK,Napoli,24-326,1997,4.0,79,89,88.8,1869,954,20,20,100.0,32,33,97.0,25,34,73.5,0,0.0,0.0,0,0,0,0,0,Matches
330,Yıldırım Mert Çetin\c730da00,tr TUR,DF,Hellas Verona,25-041,1997,0.5,25,33,75.8,498,275,9,11,81.8,14,17,82.4,2,3,66.7,0,0.0,0.0,0,3,0,0,3,Matches
331,Dries Mertens\89b2c8a9,be BEL,FWMF,Napoli,34-281,1987,8.5,210,291,72.2,3181,714,121,148,81.8,72,92,78.3,10,30,33.3,0,0.8,-0.8,15,14,9,1,24,Matches
332,Junior Messias\f49c4ae9,br BRA,FWMF,Milan,30-274,1991,7.9,196,280,70.0,3038,955,105,132,79.5,66,94,70.2,18,38,47.4,0,0.6,-0.6,7,15,10,4,28,Matches
333,Kingsley Michael\e63e122d,ng NGA,MF,Bologna,22-169,1999,0.8,24,28,85.7,426,69,13,14,92.9,5,7,71.4,5,6,83.3,0,0.0,0.0,0,3,0,0,2,Matches
334,Valentin Mihaila\81a4c239,ro ROU,MF,Atalanta,22-009,2000,0.2,4,10,40.0,40,7,3,4,75.0,1,3,33.3,0,1,0.0,0,0.0,0.0,0,0,0,0,0,Matches
335,Mikael\33502726,br BRA,FW,Salernitana,22-259,1999,0.2,1,2,50.0,11,0,1,1,100.0,0,1,0.0,0,0,,0,0.0,0.0,0,0,0,0,0,Matches
336,Nikola Milenković\bee704fc,rs SRB,DF,Fiorentina,24-122,1997,19.3,1155,1277,90.4,26157,6921,281,311,90.4,620,657,94.4,249,294,84.7,0,0.0,0.0,0,72,0,0,51,Matches
337,Sergej Milinković-Savić\4e6dbac4,rs SRB,MF,Lazio,26-349,1995,20.6,1115,1358,82.1,18470,4590,569,653,87.1,398,475,83.8,110,164,67.1,6,3.5,+2.5,33,96,31,8,90,Matches
338,Vanja Milinković-Savić\9fa26bc2,rs SRB,GK,Torino,24-356,1997,22.0,433,832,52.0,17353,11945,36,38,94.7,174,179,97.2,223,614,36.3,0,0.0,0.0,0,45,1,0,0,Matches
339,Aleksei Miranchuk\a9aa0d1d,ru RUS,MFFW,Atalanta,26-117,1995,5.2,183,226,81.0,2998,772,94,111,84.7,66,79,83.5,14,23,60.9,1,1.8,-0.8,14,13,9,0,23,Matches
340,Henrikh Mkhitaryan\dd0daf32,am ARM,MFFW,Roma,33-021,1989,20.2,693,842,82.3,12066,2933,332,378,87.8,270,315,85.7,77,102,75.5,4,3.6,+0.4,28,53,32,4,79,Matches
341,Marco Modolo\fdcdb521,it ITA,DFFW,Venezia,32-325,1989,2.4,50,65,76.9,1151,359,9,11,81.8,31,37,83.8,10,16,62.5,0,0.0,0.0,0,2,0,0,1,Matches
342,Nahuel Molina\23610943,ar ARG,DFMF,Udinese,24-071,1997,16.4,453,647,70.0,7728,3148,229,268,85.4,173,249,69.5,43,109,39.4,1,1.8,-0.8,17,25,16,8,47,Matches
343,Cristian Molinaro\1c8c5aed,it ITA,DF,Venezia,38-196,1983,6.1,246,323,76.2,4739,2388,96,110,87.3,113,140,80.7,35,66,53.0,1,0.4,+0.6,5,19,5,3,25,Matches
344,Lorenzo Montipò\c1d95617,it ITA,GK,Hellas Verona,25-356,1996,21.0,346,605,57.2,12846,8667,45,45,100.0,108,113,95.6,191,445,42.9,0,0.0,0.0,0,9,0,0,0,Matches
345,Álvaro Morata\129af0db,es ESP,FW,Juventus,29-111,1992,16.8,312,417,74.8,5232,795,161,209,77.0,111,133,83.5,30,44,68.2,1,3.9,-2.9,31,19,10,3,22,Matches
346,Raúl Moro\919dd4b1,es ESP,FW,Lazio,19-068,2002,2.1,71,80,88.8,1065,121,39,41,95.1,29,33,87.9,1,2,50.0,1,0.2,+0.8,4,1,1,0,3,Matches
347,Andrei Motoc\b64073a0,ro ROU,DF,Salernitana,20-041,2002,1.0,18,22,81.8,482,182,2,2,100.0,9,9,100.0,7,11,63.6,0,0.0,0.0,0,4,0,0,0,Matches
348,Lys Mousset\d9cfca3d,fr FRA,FW,Salernitana,26-003,1996,0.5,6,10,60.0,62,0,5,7,71.4,1,2,50.0,0,0,,0,0.0,0.0,0,0,0,0,0,Matches
349,Samuel Mráz\be6c1ccc,sk SVK,FW,Spezia,24-274,1997,0.6,8,11,72.7,134,13,4,6,66.7,3,4,75.0,1,1,100.0,0,0.0,0.0,0,1,0,0,1,Matches
350,Mert Müldür\1295552e,tr TUR,DFFW,Sassuolo,22-314,1999,10.2,417,533,78.2,7252,3133,197,223,88.3,174,214,81.3,41,75,54.7,0,0.2,-0.2,4,37,6,2,42,Matches
351,Luis Muriel\eb2fe5b6,co COL,FW,Atalanta,30-301,1991,8.2,267,359,74.4,4287,1100,143,174,82.2,70,103,68.0,34,53,64.2,4,2.2,+1.8,23,16,17,4,31,Matches
352,Vedat Muriqi\0cadc46d,xk KVX,FW,Lazio,27-293,1994,2.4,46,69,66.7,804,65,17,24,70.8,25,41,61.0,3,3,100.0,0,0.0,0.0,0,1,2,0,2,Matches
353,Nicola Murru\d183e9d6,it ITA,DF,Sampdoria,27-057,1994,4.9,162,222,73.0,3454,1610,55,66,83.3,70,85,82.4,34,63,54.0,0,0.1,-0.1,3,20,3,1,25,Matches
354,Juan Musso\a111cf41,ar ARG,GK,Atalanta,27-281,1994,20.6,457,615,74.3,14442,8478,59,60,98.3,194,197,98.5,202,356,56.7,0,0.0,0.0,0,3,0,0,0,Matches
355,Joakim Mæhle\c459a650,dk DEN,DF,Atalanta,24-267,1997,13.5,605,734,82.4,9244,3387,349,387,90.2,218,266,82.0,30,54,55.6,0,1.2,-1.2,15,34,16,2,51,Matches
356,Nahitan Nández\95facda1,uy URU,MFDF,Cagliari,26-045,1995,14.9,392,556,70.5,7237,2044,175,223,78.5,155,212,73.1,53,87,60.9,2,1.3,+0.7,16,33,20,7,49,Matches
357,Nani\15e9c7e6,pt POR,FWMF,Venezia,35-086,1986,1.0,26,32,81.3,516,77,11,12,91.7,10,13,76.9,5,5,100.0,0,0.2,-0.2,2,1,1,0,2,Matches
358,Matija Nastasić\f35430a4,rs SRB,DF,Fiorentina,28-320,1993,2.4,139,150,92.7,3348,773,29,29,100.0,75,78,96.2,35,42,83.3,0,0.0,0.0,1,6,0,0,3,Matches
359,Ilija Nestorovski\b1236c63,mk MKD,FW,Udinese,31-336,1990,0.1,9,13,69.2,162,61,4,6,66.7,4,4,100.0,1,1,100.0,0,0.0,0.0,0,1,0,0,0,Matches
360,Aurélien Nguiamba\de135234,fr FRA,MF,Spezia,23-024,1999,0.3,8,12,66.7,108,85,5,5,100.0,3,4,75.0,0,2,0.0,0,0.0,0.0,0,1,0,0,2,Matches
361,Dimitris Nikolaou\cf961d8d,gr GRE,DF,Spezia,23-182,1998,22.0,900,1076,83.6,19169,6612,272,296,91.9,440,484,90.9,169,264,64.0,0,0.1,-0.1,2,64,2,1,48,Matches
362,Jean-Pierre Nsame\12e6d21a,cm CMR,MFFW,Venezia,28-286,1993,0.1,2,2,100.0,14,0,2,2,100.0,0,0,,0,0,,0,0.0,0.0,0,0,0,0,0,Matches
363,Bram Nuytinck\e33f36d5,nl NED,DF,Udinese,31-283,1990,19.3,638,741,86.1,14410,4192,138,152,90.8,366,396,92.4,128,184,69.6,0,0.2,-0.2,2,23,1,1,18,Matches
364,Simeon Nwankwo\80dbbd10,ng NGA,FW,Salernitana,29-280,1992,9.4,136,185,73.5,2020,257,84,102,82.4,32,45,71.1,14,18,77.8,1,0.4,+0.6,6,7,4,0,7,Matches
365,M'Bala Nzola\a4948e67,ao ANG,FW,Spezia,25-177,1996,10.2,178,223,79.8,2565,242,97,114,85.1,46,61,75.4,15,18,83.3,1,1.4,-0.4,10,6,3,0,10,Matches
366,Adam Obert\aa25ce92,sk SVK,DFMF,Cagliari,19-172,2002,2.3,57,80,71.3,1225,461,16,17,94.1,27,30,90.0,13,27,48.1,0,0.0,0.0,0,4,1,1,3,Matches
367,Joel Obi\614c38fb,ng NGA,MF,Salernitana,30-265,1991,11.8,243,307,79.2,3471,814,144,161,89.4,72,94,76.6,15,26,57.7,1,1.5,-0.5,12,9,2,1,10,Matches
368,Álvaro Odriozola\1d1691ad,es ESP,DF,Fiorentina,26-059,1995,13.7,662,750,88.3,11951,3600,310,336,92.3,270,306,88.2,75,83,90.4,1,1.8,-0.8,16,24,10,5,31,Matches
369,Stefano Okaka\601ef102,it ITA,FW,Udinese,32-186,1989,0.2,5,5,100.0,74,22,3,3,100.0,2,2,100.0,0,0,,1,0.0,+1.0,0,0,0,0,1,Matches
370,David Okereke\d125f22f,ng NGA,FWMF,Venezia,24-166,1997,13.6,207,288,71.9,3280,628,118,146,80.8,70,100,70.0,14,28,50.0,0,0.6,-0.6,8,7,9,3,11,Matches
371,Christian Oliva\d3b888e3,uy URU,MF,Cagliari,25-255,1996,0.5,27,32,84.4,468,88,10,12,83.3,16,16,100.0,1,4,25.0,0,0.0,0.0,0,0,0,0,3,Matches
372,Sérgio Oliveira\947e036f,pt POR,MF,Roma,29-254,1992,2.6,109,133,82.0,1921,591,58,68,85.3,32,36,88.9,17,25,68.0,0,1.3,-1.3,10,6,3,0,6,Matches
373,Riccardo Orsolini\e14ec482,it ITA,FWDF,Bologna,25-018,1997,9.9,256,384,66.7,4547,1558,128,170,75.3,83,115,72.2,34,76,44.7,2,1.0,+1.0,11,20,12,7,27,Matches
374,Victor Osimhen\8c90fd7a,ng NGA,FW,Napoli,23-044,1998,10.9,123,175,70.3,1933,194,67,84,79.8,35,53,66.0,13,20,65.0,0,0.8,-0.8,9,3,0,0,4,Matches
375,David Ospina\82b1198a,co COL,GK,Napoli,33-164,1988,20.0,484,591,81.9,12813,8019,102,103,99.0,206,210,98.1,170,270,63.0,0,0.0,0.0,0,4,0,0,0,Matches
376,Adam Ounas\ed90babd,dz ALG,MFFW,Napoli,25-092,1996,2.8,130,160,81.3,2714,715,48,58,82.8,59,69,85.5,22,27,81.5,0,0.9,-0.9,11,13,8,3,16,Matches
377,Daniele Padelli\cf1c23d8,it ITA,GK,Udinese,36-109,1985,2.0,53,77,68.8,1309,858,14,14,100.0,26,26,100.0,12,36,33.3,0,0.0,0.0,0,0,0,0,0,Matches
378,Goran Pandev\d711d04f,mk MKD,FWMF,Genoa,38-199,1983,9.4,181,248,73.0,2691,709,96,128,75.0,59,75,78.7,13,21,61.9,1,1.3,-0.3,9,10,6,0,19,Matches
379,Ivor Pandur\457cb02f,hr CRO,GK,Hellas Verona,21-323,2000,3.0,52,68,76.5,1624,1095,9,9,100.0,21,22,95.5,21,36,58.3,0,0.0,0.0,0,0,0,0,0,Matches
380,Fabiano Parisi\0967845b,it ITA,DF,Empoli,21-094,2000,7.1,293,369,79.4,5596,2255,117,125,93.6,132,158,83.5,40,72,55.6,1,0.5,+0.5,8,28,13,0,45,Matches
381,Mario Pašalić\e599253a,hr CRO,MFFW,Atalanta,27-002,1995,14.1,542,670,80.9,9735,2402,230,278,82.7,244,280,87.1,57,75,76.0,5,4.7,+0.3,21,49,15,0,59,Matches
382,Patric\f7223718,es ESP,DF,Lazio,28-300,1993,8.4,660,703,93.9,14459,3564,215,225,95.6,284,294,96.6,154,175,88.0,1,0.5,+0.5,3,22,0,0,18,Matches
383,Rui Patrício\79b0d6a0,pt POR,GK,Roma,33-361,1988,24.0,520,669,77.7,15933,9897,87,87,100.0,206,208,99.0,225,372,60.5,0,0.0,0.0,0,1,0,0,1,Matches
384,Leonardo Pavoletti\d37b0350,it ITA,FW,Cagliari,33-077,1988,10.0,201,280,71.8,2668,418,137,177,77.4,44,71,62.0,11,14,78.6,0,0.5,-0.5,7,11,5,0,16,Matches
385,Pedro\3ca7254a,es ESP,FW,Lazio,34-198,1987,18.7,659,791,83.3,10391,2542,372,422,88.2,209,245,85.3,56,83,67.5,3,2.9,+0.1,27,32,33,8,71,Matches
386,João Pedro\81255c03,br BRA,FW,Cagliari,29-339,1992,23.0,334,475,70.3,6056,1243,151,192,78.6,131,173,75.7,43,72,59.7,3,2.7,+0.3,19,18,19,3,36,Matches
387,Gianluca Pegolo\f058ed1f,it ITA,GK,Sassuolo,40-323,1981,1.0,29,34,85.3,804,485,5,5,100.0,11,12,91.7,12,16,75.0,0,0.0,0.0,0,0,0,0,0,Matches
388,Pietro Pellegri\a44d3a3c,it ITA,FW,Milan,20-331,2001,1.5,12,19,63.2,128,11,9,13,69.2,2,4,50.0,0,0,,0,0.4,-0.4,3,0,0,0,0,Matches
389,Pietro Pellegri\a44d3a3c,it ITA,FW,Torino,20-331,2001,0.2,3,4,75.0,38,0,2,2,100.0,1,1,100.0,0,0,,0,0.0,0.0,0,0,0,0,0,Matches
390,Lorenzo Pellegrini\4a5a45c7,it ITA,MF,Roma,25-237,1996,13.8,466,635,73.4,9347,3266,192,231,83.1,180,219,82.2,83,156,53.2,2,4.0,-2.0,44,60,22,4,61,Matches
391,Luca Pellegrini\3b61c9ec,it ITA,DF,Juventus,22-341,1999,5.6,252,345,73.0,4876,1692,99,118,83.9,120,141,85.1,33,75,44.0,1,0.6,+0.4,6,22,8,5,15,Matches
392,Gastón Pereiro\7ec7738e,uy URU,FWMF,Cagliari,26-245,1995,5.4,99,155,63.9,1708,575,43,56,76.8,35,51,68.6,15,35,42.9,0,1.3,-1.3,8,11,7,3,11,Matches
393,Dor Peretz\e2a302a8,il ISR,MF,Venezia,26-270,1995,3.7,113,144,78.5,1913,436,57,69,82.6,45,51,88.2,9,14,64.3,0,0.2,-0.2,2,10,0,0,5,Matches
394,Roberto Pereyra\75f2c59f,ar ARG,MFFW,Udinese,31-035,1991,11.3,354,428,82.7,5647,1329,181,204,88.7,133,160,83.1,27,40,67.5,1,1.8,-0.8,16,31,14,1,32,Matches
395,Carles Pérez\a8f21b9f,es ESP,MFFW,Roma,23-360,1998,3.6,123,141,87.2,2147,544,66,70,94.3,42,48,87.5,14,19,73.7,1,0.5,+0.5,9,7,9,0,14,Matches
396,Nehuén Pérez\f7c491f1,ar ARG,DF,Udinese,21-232,2000,7.3,208,292,71.2,4136,1557,79,95,83.2,91,116,78.4,34,71,47.9,0,0.1,-0.1,2,17,0,0,7,Matches
397,Mattia Perin\4c62d0c8,it ITA,GK,Juventus,29-093,1992,3.0,69,85,81.2,1821,782,17,17,100.0,30,31,96.8,22,37,59.5,0,0.0,0.0,0,1,0,0,0,Matches
398,Ivan Perišić\6fe90922,hr CRO,DF,Inter,33-009,1989,18.8,653,887,73.6,12137,4378,293,353,83.0,267,342,78.1,83,143,58.0,1,2.9,-1.9,24,34,29,13,77,Matches
399,Diego Perotti\a40d5a0c,ar ARG,FW,Salernitana,33-200,1988,0.3,12,20,60.0,152,22,8,10,80.0,3,4,75.0,0,4,0.0,0,0.1,-0.1,1,1,0,0,0,Matches
400,Mario Perrone\6cd33e2a,it ITA,DF,Salernitana,19-005,2003,0.2,7,9,77.8,116,42,3,3,100.0,4,4,100.0,0,2,0.0,0,0.0,0.0,0,0,0,0,0,Matches
401,Matteo Pessina\780e3631,it ITA,MFFW,Atalanta,24-296,1997,9.4,412,494,83.4,6699,1709,194,222,87.4,178,202,88.1,29,42,69.0,0,0.9,-0.9,15,33,7,0,39,Matches
402,Andrea Petagna\03f946ed,it ITA,FW,Napoli,26-226,1995,5.0,91,123,74.0,1415,168,51,60,85.0,32,40,80.0,6,13,46.2,0,0.5,-0.5,6,3,1,0,3,Matches
403,Giuseppe Pezzella\149c5f5d,it ITA,DF,Atalanta,24-074,1997,8.4,361,463,78.0,5869,1575,191,221,86.4,129,154,83.8,34,64,53.1,1,0.8,+0.2,5,15,4,1,31,Matches
404,Krzysztof Piątek\17f3620a,pl POL,FW,Fiorentina,26-225,1995,0.9,13,15,86.7,215,40,6,6,100.0,7,9,77.8,0,0,,0,0.6,-0.6,3,0,1,0,1,Matches
405,Roberto Piccoli\1cadaf34,it ITA,FW,Genoa,21-015,2001,0.4,4,9,44.4,34,7,3,6,50.0,0,0,,0,2,0.0,0,0.0,0.0,0,0,0,0,0,Matches
406,Roberto Piccoli\1cadaf34,it ITA,FW,Atalanta,21-015,2001,2.2,26,44,59.1,352,48,16,25,64.0,9,14,64.3,0,0,,0,0.2,-0.2,3,0,0,0,0,Matches
407,Andrea Pinamonti\08aa9cd1,it ITA,FW,Empoli,22-268,1999,18.9,248,406,61.1,3434,754,161,226,71.2,71,121,58.7,11,23,47.8,1,1.1,-0.1,16,10,11,2,21,Matches
408,Marko Pjaca\2c38b327,hr CRO,FWMF,Torino,26-281,1995,7.6,193,249,77.5,2908,633,117,140,83.6,57,74,77.0,17,23,73.9,0,0.7,-0.7,11,16,12,3,22,Matches
409,Tommaso Pobega\55a1cac2,it ITA,MF,Torino,22-211,1999,14.0,559,669,83.6,10558,3042,240,268,89.6,236,273,86.4,75,102,73.5,1,0.5,+0.5,13,65,11,2,58,Matches
410,Suf Podgoreanu\d697a2d0,il ISR,FW,Spezia,20-022,2002,1.3,39,50,78.0,614,105,23,26,88.5,13,15,86.7,3,7,42.9,1,0.0,+1.0,1,1,1,1,2,Matches
411,Matteo Politano\5e861944,it ITA,FW,Napoli,28-192,1993,12.5,419,575,72.9,6972,2045,224,252,88.9,144,196,73.5,37,89,41.6,2,3.3,-1.3,28,16,19,4,44,Matches
412,Manolo Portanova\c8c0dccd,it ITA,MF,Genoa,21-254,2000,6.3,83,145,57.2,1318,576,48,63,76.2,24,42,57.1,8,32,25.0,0,0.4,-0.4,6,5,2,0,10,Matches
413,Dennis Praet\86695068,be BEL,MFFW,Torino,27-273,1994,11.8,306,414,73.9,4955,1221,171,203,84.2,101,139,72.7,27,52,51.9,1,3.0,-2.0,18,21,20,11,25,Matches
414,Mateusz Praszelik\ec6773f5,pl POL,MF,Hellas Verona,21-138,2000,0.1,5,5,100.0,51,10,4,4,100.0,1,1,100.0,0,0,,0,0.0,0.0,0,1,0,0,0,Matches
415,Ivan Provedel\277da414,it ITA,GK,Spezia,27-331,1994,17.0,445,685,65.0,15833,9741,57,58,98.3,152,155,98.1,234,470,49.8,0,0.0,0.0,0,9,0,0,0,Matches
416,Erick Pulgar\4611e028,cl CHI,MF,Fiorentina,28-027,1994,3.8,209,236,88.6,4311,975,63,73,86.3,115,120,95.8,29,38,76.3,1,0.7,+0.3,7,16,2,0,12,Matches
417,Ignacio Pussetto\62437b4f,ar ARG,FWMF,Udinese,26-052,1995,9.3,155,213,72.8,2619,624,80,97,82.5,54,78,69.2,19,25,76.0,1,0.9,+0.1,7,12,5,2,15,Matches
418,Niklas Pyyhtiä\88f53b75,fi FIN,MF,Bologna,18-139,2003,0.2,18,22,81.8,321,88,7,7,100.0,10,12,83.3,1,3,33.3,0,0.0,0.0,0,2,1,0,3,Matches
419,Fabio Quagliarella\ee4f2f3b,it ITA,FW,Sampdoria,39-011,1983,12.7,209,318,65.7,3758,814,100,130,76.9,74,105,70.5,26,49,53.1,2,1.9,+0.1,16,18,10,2,20,Matches
420,Adrien Rabiot\8794e251,fr FRA,MF,Juventus,26-314,1995,13.0,463,563,82.2,7704,1734,222,258,86.0,189,220,85.9,43,64,67.2,1,0.3,+0.7,7,27,6,1,27,Matches
421,Ivan Radovanović\023937a9,rs SRB,MF,Salernitana,33-166,1988,1.0,52,66,78.8,867,197,22,26,84.6,24,27,88.9,4,9,44.4,0,0.1,-0.1,2,0,1,0,5,Matches
422,Ștefan Radu\53de807a,ro ROU,DF,Lazio,35-112,1986,3.5,146,177,82.5,2845,981,51,55,92.7,80,94,85.1,14,24,58.3,0,0.0,0.0,0,13,0,0,12,Matches
423,Boris Radunović\0dfce079,rs SRB,GK,Cagliari,25-261,1996,3.0,58,103,56.3,2274,1581,7,7,100.0,17,17,100.0,34,79,43.0,0,0.0,0.0,0,1,0,0,0,Matches
424,Aaron Ramsey\ef619b0b,wls WAL,MF,Juventus,31-047,1990,1.1,60,67,89.6,1178,274,25,28,89.3,25,27,92.6,10,12,83.3,0,0.1,-0.1,2,5,0,0,4,Matches
425,Luca Ranieri\8c63fae5,it ITA,DF,Salernitana,22-294,1999,17.0,498,706,70.5,8965,4290,210,239,87.9,237,327,72.5,44,111,39.6,0,0.7,-0.7,10,36,17,9,67,Matches
426,Andrea Ranocchia\539230cf,it ITA,DF,Inter,33-360,1988,2.3,111,113,98.2,2608,966,31,33,93.9,51,51,100.0,29,29,100.0,0,0.0,0.0,0,3,1,0,5,Matches
427,Giacomo Raspadori\6e058f06,it ITA,FWMF,Sassuolo,21-358,2000,18.9,499,654,76.3,8508,1341,267,309,86.4,164,201,81.6,55,103,53.4,3,2.5,+0.5,35,21,21,2,36,Matches
428,Ante Rebić\536cebe5,hr CRO,FW,Milan,28-143,1993,6.1,114,178,64.0,1945,573,67,91,73.6,29,49,59.2,16,28,57.1,2,3.0,-1.0,19,12,16,7,21,Matches
429,Arkadiusz Reca\6213fd82,pl POL,DF,Spezia,26-239,1995,10.1,319,435,73.3,5857,2693,154,181,85.1,119,157,75.8,44,78,56.4,1,1.4,-0.4,5,25,9,5,26,Matches
430,Pepe Reina\e358587b,es ESP,GK,Lazio,39-164,1982,15.0,428,525,81.5,11885,7629,100,100,100.0,161,163,98.8,161,256,62.9,1,0.3,+0.7,1,3,0,0,0,Matches
431,Panagiotis Retsos\4bd00a50,gr GRE,DF,Hellas Verona,23-186,1998,0.2,10,14,71.4,212,101,5,5,100.0,3,7,42.9,2,2,100.0,0,0.1,-0.1,1,0,2,0,3,Matches
432,Bryan Reynolds\2306bf5c,us USA,DF,Roma,20-228,2001,0.0,2,2,100.0,34,8,1,1,100.0,1,1,100.0,0,0,,0,0.0,0.0,0,0,0,0,0,Matches
433,Franck Ribéry\f61c7c4e,fr FRA,MFFW,Salernitana,38-310,1983,11.7,355,461,77.0,5826,1565,178,200,89.0,128,154,83.1,33,60,55.0,2,2.6,-0.6,26,32,21,2,47,Matches
434,Samuele Ricci\9823be92,it ITA,MF,Empoli,20-174,2001,17.0,819,922,88.8,16535,3865,267,284,94.0,427,448,95.3,119,167,71.3,1,0.3,+0.7,7,77,7,0,79,Matches
435,Tomás Rincón\f1cfc209,ve VEN,MFFW,Torino,34-029,1988,1.8,78,93,83.9,1512,273,34,41,82.9,32,36,88.9,10,13,76.9,0,0.0,0.0,2,9,0,0,7,Matches
436,Tomás Rincón\f1cfc209,ve VEN,MF,Sampdoria,34-029,1988,3.3,125,156,80.1,2564,832,53,60,88.3,50,59,84.7,22,34,64.7,0,0.1,-0.1,2,11,1,0,10,Matches
437,Ricardo Rodríguez\7f78ad23,ch SUI,DF,Torino,29-170,1992,15.4,693,808,85.8,13559,4853,274,293,93.5,316,338,93.5,96,161,59.6,0,0.9,-0.9,13,64,5,1,64,Matches
438,Rogério\10e7f486,br BRA,DF,Sassuolo,24-029,1998,16.2,816,988,82.6,14524,4281,370,408,90.7,330,376,87.8,97,170,57.1,1,1.8,-0.8,21,39,21,14,48,Matches
439,Alessio Romagnoli\3ead85f9,it ITA,DF,Milan,27-030,1995,12.5,686,775,88.5,14057,4531,189,214,88.3,383,405,94.6,97,128,75.8,0,0.0,0.0,2,50,2,0,53,Matches
440,Simone Romagnoli\09899de8,it ITA,DF,Empoli,32-002,1990,8.8,352,435,80.9,7768,3305,92,104,88.5,194,215,90.2,63,112,56.3,0,0.1,-0.1,3,38,7,0,29,Matches
441,Luka Romero\ca6edaa0,ar ARG,FW,Lazio,17-085,2004,0.2,12,12,100.0,193,23,4,4,100.0,8,8,100.0,0,0,,0,0.0,0.0,1,0,1,1,0,Matches
442,Sergio Romero\1e26e376,ar ARG,GK,Venezia,34-354,1987,13.0,361,489,73.8,10731,6339,74,75,98.7,142,150,94.7,141,260,54.2,0,0.2,-0.2,1,5,0,0,1,Matches
443,Cristiano Ronaldo\dea698d9,pt POR,FW,Juventus,37-006,1985,0.3,9,12,75.0,114,14,8,10,80.0,1,2,50.0,0,0,,0,0.0,0.0,1,0,0,0,0,Matches
444,Marten de Roon\2a1beb34,nl NED,MFDF,Atalanta,30-319,1991,15.3,757,881,85.9,15061,4657,288,320,90.0,349,377,92.6,111,162,68.5,0,0.4,-0.4,7,91,9,0,74,Matches
445,Francesco Rossi\7b5f516f,it ITA,GK,Atalanta,30-290,1991,0.4,11,16,68.8,313,209,2,2,100.0,7,7,100.0,2,7,28.6,0,0.0,0.0,0,0,0,0,0,Matches
446,Nicolò Rovella\e58cbfd5,it ITA,MF,Genoa,20-069,2001,14.6,699,850,82.2,14551,3531,279,294,94.9,273,304,89.8,140,237,59.1,3,2.2,+0.8,28,57,9,1,48,Matches
447,Amir Rrahmani\4b3e1a38,xk KVX,DF,Napoli,27-352,1994,20.5,1210,1306,92.6,24423,7331,428,447,95.7,595,621,95.8,170,215,79.1,0,0.2,-0.2,5,68,2,0,53,Matches
448,Ruan\a378a02a,br BRA,DF,Sassuolo,22-249,1999,0.0,3,3,100.0,72,3,1,1,100.0,1,1,100.0,1,1,100.0,0,0.0,0.0,0,0,0,0,0,Matches
449,Daniele Rugani\14b8fcdf,it ITA,DF,Juventus,27-197,1994,5.2,282,308,91.6,6210,1902,69,73,94.5,158,167,94.6,55,68,80.9,0,0.0,0.0,1,17,0,0,15,Matches
450,Matteo Ruggeri\ae9898c5,it ITA,DF,Salernitana,19-215,2002,2.8,42,84,50.0,789,471,19,24,79.2,17,37,45.9,5,17,29.4,0,0.0,0.0,1,1,2,2,3,Matches
451,Mário Rui\0b5a292a,pt POR,DF,Napoli,30-260,1991,20.6,1408,1636,86.1,25590,7938,689,752,91.6,521,580,89.8,181,258,70.2,2,2.5,-0.5,29,78,31,6,92,Matches
452,Fabián Ruiz Peña\c0c7ff58,es ESP,MF,Napoli,25-314,1996,17.0,1310,1445,90.7,24656,5695,578,625,92.5,511,547,93.4,196,227,86.3,2,2.3,-0.3,26,135,29,4,104,Matches
453,Alessandro Russo\7152082d,it ITA,MF,Salernitana,18-158,2003,0.3,4,6,66.7,28,12,4,4,100.0,0,1,0.0,0,1,0.0,0,0.0,0.0,0,1,0,0,0,Matches
454,Stefano Sabelli\0ccac09c,it ITA,DF,Genoa,29-029,1993,3.9,96,151,63.6,1687,728,42,58,72.4,47,62,75.8,6,19,31.6,0,0.1,-0.1,2,7,3,0,17,Matches
455,Alexis Saelemaekers\ee251371,be BEL,FW,Milan,22-229,1999,15.5,541,668,81.0,7925,1867,313,358,87.4,173,213,81.2,32,54,59.3,3,3.1,-0.1,27,27,21,5,54,Matches
456,Jacopo Sala\da5a981b,it ITA,MF,Spezia,30-068,1991,8.1,372,437,85.1,6875,1718,164,180,91.1,162,185,87.6,41,60,68.3,0,0.3,-0.3,6,28,5,2,37,Matches
457,Eddie Salcedo\0489bb30,it ITA,MFFW,Spezia,20-133,2001,4.5,95,136,69.9,1731,425,45,66,68.2,32,43,74.4,17,23,73.9,0,0.2,-0.2,5,9,3,1,14,Matches
458,Lazar Samardzic\217c93a1,de GER,MFFW,Udinese,19-352,2002,1.8,73,100,73.0,1473,447,26,34,76.5,29,34,85.3,17,31,54.8,1,0.7,+0.3,8,10,3,0,8,Matches
459,Luigi Samele\548fea2f,it ITA,FW,Sassuolo,19-308,2002,0.0,0,1,0.0,0,0,0,1,0.0,0,0,,0,0,,0,0.0,0.0,0,0,0,0,0,Matches
460,Antonio Sanabria\0a447501,py PAR,FW,Torino,25-344,1996,16.8,309,409,75.6,4486,385,196,246,79.7,73,102,71.6,22,28,78.6,1,1.4,-0.4,13,11,5,0,11,Matches
461,Alexis Sánchez\2c0f8e9e,cl CHI,FW,Inter,33-054,1988,6.3,221,282,78.4,3960,1023,111,124,89.5,68,88,77.3,33,52,63.5,2,1.3,+0.7,13,19,21,2,40,Matches
462,Alex Sandro\0d82903c,br BRA,DF,Juventus,31-016,1991,13.9,702,833,84.3,13796,4950,252,288,87.5,352,387,91.0,89,131,67.9,0,1.0,-1.0,17,43,23,11,62,Matches
463,Nicola Sansone\7eb97a8e,it ITA,FWMF,Bologna,30-154,1991,7.3,178,254,70.1,2949,893,88,110,80.0,58,75,77.3,19,50,38.0,2,1.3,+0.7,12,14,8,6,13,Matches
464,Federico Santander\df85d472,py PAR,FWDF,Bologna,30-252,1991,0.7,23,34,67.6,367,82,11,18,61.1,8,9,88.9,2,2,100.0,0,0.1,-0.1,1,3,1,1,4,Matches
465,Samir Santos\92b4758e,br BRA,DF,Udinese,27-068,1994,16.8,554,689,80.4,10819,3970,213,232,91.8,266,311,85.5,69,128,53.9,0,0.1,-0.1,3,30,3,2,26,Matches
466,Riccardo Saponara\3bb7af3b,it ITA,FW,Fiorentina,30-052,1991,8.6,273,345,79.1,5353,1637,105,122,86.1,129,155,83.2,36,47,76.6,2,2.0,0.0,10,27,18,2,60,Matches
467,Martin Satriano\86383d0e,it ITA,FWMF,Inter,20-356,2001,0.4,6,10,60.0,70,10,3,6,50.0,2,3,66.7,0,0,,0,0.0,0.0,1,1,0,0,0,Matches
468,Giorgio Scalvini\1e9aa637,it ITA,DFMF,Atalanta,18-062,2003,1.7,71,84,84.5,1232,464,28,30,93.3,38,43,88.4,3,8,37.5,0,0.1,-0.1,2,3,1,0,8,Matches
469,Gianluca Scamacca\8790f988,it ITA,FW,Sassuolo,23-041,1999,13.5,217,303,71.6,3330,461,129,164,78.7,65,96,67.7,15,25,60.0,0,1.2,-1.2,12,7,10,0,16,Matches
470,Andrea Schiavone\4b55eb4d,it ITA,MF,Salernitana,28-353,1993,6.3,203,244,83.2,4265,1404,75,85,88.2,84,89,94.4,40,62,64.5,0,0.6,-0.6,10,19,4,0,17,Matches
471,David Schnegg\1c341b14,at AUT,DF,Venezia,23-135,1998,1.6,61,85,71.8,1281,604,27,30,90.0,22,31,71.0,12,24,50.0,0,0.0,0.0,1,3,1,0,5,Matches
472,Jerdy Schouten\2cfae697,nl NED,MF,Bologna,25-030,1997,2.3,104,123,84.6,1870,635,44,51,86.3,46,55,83.6,10,10,100.0,1,0.2,+0.8,2,14,1,0,14,Matches
473,Stefano Sensi\b70bde8f,it ITA,MF,Inter,26-190,1995,1.9,106,124,85.5,1791,310,65,72,90.3,30,37,81.1,11,13,84.6,0,0.3,-0.3,4,8,1,1,5,Matches
474,Stefano Sensi\b70bde8f,it ITA,MFFW,Sampdoria,26-190,1995,1.0,25,32,78.1,571,111,4,6,66.7,14,14,100.0,6,9,66.7,0,0.5,-0.5,4,0,2,0,3,Matches
475,Luigi Sepe\343f753a,it ITA,GK,Salernitana,30-279,1991,1.0,20,32,62.5,632,464,7,7,100.0,7,7,100.0,6,18,33.3,0,0.0,0.0,0,1,0,0,0,Matches
476,Laurens Serpe\79d60e74,it ITA,DF,Genoa,21-004,2001,0.5,27,32,84.4,538,100,8,8,100.0,16,16,100.0,3,6,50.0,0,0.0,0.0,0,3,0,0,2,Matches
477,Stephan El Shaarawy\d3aaad90,it ITA,DFFW,Roma,29-107,1992,7.8,310,371,83.6,5682,1608,143,164,87.2,131,155,84.5,35,46,76.1,0,1.6,-1.6,17,13,22,4,37,Matches
478,Aimar Sher\ef301f96,se SWE,MF,Spezia,19-053,2002,0.5,18,19,94.7,318,100,9,9,100.0,6,6,100.0,2,2,100.0,0,0.0,0.0,0,1,1,0,3,Matches
479,Eldor Shomurodov\57469b2d,uz UZB,FW,Roma,26-227,1995,6.2,109,163,66.9,1599,455,62,88,70.5,34,47,72.3,7,13,53.8,3,1.4,+1.6,12,9,6,3,7,Matches
480,Alassane Sidibe\f944979d,ci CIV,FW,Atalanta,19-247,2002,0.1,2,3,66.7,24,0,1,1,100.0,1,1,100.0,0,1,0.0,0,0.0,0.0,0,0,0,0,0,Matches
481,Arnór Sigurðsson\f209b81e,is ISL,MFFW,Venezia,22-272,1999,1.9,35,46,76.1,486,118,20,26,76.9,13,14,92.9,1,4,25.0,0,0.0,0.0,1,2,1,0,7,Matches
482,Adrien Silva\d6f88a1d,pt POR,MF,Sampdoria,32-333,1989,12.0,514,605,85.0,10595,2494,175,205,85.4,240,261,92.0,89,116,76.7,1,0.5,+0.5,8,40,6,2,48,Matches
483,Marco Silvestri\0d422df7,it ITA,GK,Udinese,30-346,1991,21.0,404,593,68.1,13316,9310,77,78,98.7,161,161,100.0,165,353,46.7,0,0.1,-0.1,2,10,0,0,0,Matches
484,Giovanni Simeone\343c0d52,ar ARG,FW,Cagliari,26-221,1995,0.1,2,4,50.0,24,10,2,3,66.7,0,0,,0,0,,0,0.0,0.0,0,0,0,0,0,Matches
485,Giovanni Simeone\343c0d52,ar ARG,FW,Hellas Verona,26-221,1995,16.6,276,398,69.3,3640,515,183,235,77.9,64,90,71.1,15,27,55.6,2,1.2,+0.8,13,11,7,2,10,Matches
486,Wilfried Singo\8b609c34,ci CIV,DF,Torino,21-048,2000,18.8,703,917,76.7,12707,4460,300,347,86.5,323,408,79.2,70,121,57.9,2,2.0,0.0,18,33,31,13,61,Matches
487,Salvatore Sirigu\10dc46f0,it ITA,GK,Genoa,35-030,1987,24.0,591,851,69.4,18978,11880,103,104,99.0,213,217,98.2,270,523,51.6,0,0.0,0.0,0,6,0,0,0,Matches
488,Leo Skiri Østigård\b35a7399,no NOR,DF,Genoa,22-075,1999,2.3,83,104,79.8,1620,806,34,38,89.5,36,41,87.8,13,24,54.2,0,0.0,0.0,0,2,0,0,9,Matches
489,Łukasz Skorupski\ab4449d6,pl POL,GK,Bologna,30-282,1991,23.0,574,775,74.1,16880,10068,112,113,99.1,185,188,98.4,241,437,55.1,0,0.0,0.0,0,2,0,0,0,Matches
490,Andreas Skov Olsen\c50cee19,dk DEN,DFFW,Bologna,22-044,1999,8.3,302,393,76.8,4799,1597,163,184,88.6,109,135,80.7,28,61,45.9,1,0.4,+0.6,9,12,7,7,22,Matches
491,Milan Škriniar\30f5ffa9,sk SVK,DF,Inter,27-000,1995,21.0,1165,1252,93.1,23450,6584,424,450,94.2,565,590,95.8,169,196,86.2,0,0.3,-0.3,5,56,9,1,52,Matches
492,Chris Smalling\b6964eb6,eng ENG,DF,Roma,32-081,1989,11.2,373,424,88.0,8651,2060,68,78,87.2,227,247,91.9,77,93,82.8,0,0.1,-0.1,1,11,0,0,11,Matches
493,Brandon Soppy\28f66c2e,fr FRA,DFMF,Udinese,19-355,2002,5.2,110,151,72.8,1773,704,53,62,85.5,46,59,78.0,8,15,53.3,0,0.1,-0.1,4,7,6,1,15,Matches
494,Roberto Soriano\9d4c45d6,it ITA,MFFW,Bologna,31-003,1991,19.3,663,821,80.8,10174,3320,359,402,89.3,233,286,81.5,45,76,59.2,2,2.0,0.0,28,66,29,5,81,Matches
495,Riccardo Sottil\94816803,it ITA,FW,Fiorentina,22-253,1999,8.8,205,257,79.8,4050,497,87,96,90.6,87,110,79.1,29,41,70.7,2,1.4,+0.6,9,5,11,3,14,Matches
496,Matìas Soulé\c13ddd3e,ar ARG,FW,Juventus,18-302,2003,0.1,7,7,100.0,139,22,2,2,100.0,4,4,100.0,1,1,100.0,0,0.0,0.0,0,3,0,0,1,Matches
497,Adama Soumaoro\7b075c75,fr FRA,DF,Bologna,29-238,1992,13.3,569,627,90.7,10422,3112,217,240,90.4,282,305,92.5,59,68,86.8,0,0.1,-0.1,1,25,2,1,30,Matches
498,Marco Sportiello\ac4003af,it ITA,GK,Atalanta,29-277,1992,2.0,33,41,80.5,981,549,1,1,100.0,18,18,100.0,12,20,60.0,0,0.0,0.0,0,0,0,0,0,Matches
499,Luca Stanga\2967bcd0,it ITA,DF,Milan,20-019,2002,0.0,2,2,100.0,37,1,1,1,100.0,1,1,100.0,0,0,,0,0.0,0.0,0,0,0,0,0,Matches
500,Petar Stojanović\13b44b02,si SVN,DF,Empoli,26-127,1995,19.4,900,1134,79.4,16368,6962,402,444,90.5,404,483,83.6,91,166,54.8,1,2.0,-1.0,21,58,40,12,104,Matches
501,Thomas Strakosha\339fe0e8,al ALB,GK,Lazio,26-329,1995,9.0,243,295,82.4,6412,3469,64,64,100.0,76,79,96.2,96,144,66.7,0,0.0,0.0,0,0,0,0,0,Matches
502,Stefan Strandberg\6d5e62b0,no NOR,DF,Salernitana,31-201,1990,10.4,432,511,84.5,10289,4737,110,124,88.7,205,232,88.4,114,145,78.6,0,0.3,-0.3,3,34,3,1,40,Matches
503,Dávid Strelec\2cb9486d,sk SVK,FWMF,Spezia,20-313,2001,5.3,96,128,75.0,1528,389,52,67,77.6,28,37,75.7,10,14,71.4,0,0.8,-0.8,6,5,5,1,10,Matches
504,Kevin Strootman\ef2e5e1a,nl NED,MF,Cagliari,31-363,1990,7.1,293,358,81.8,5777,1529,112,132,84.8,127,138,92.0,48,73,65.8,0,0.2,-0.2,3,28,1,1,28,Matches
505,Jens Stryger Larsen\f91e81c9,dk DEN,DF,Udinese,30-355,1991,7.6,219,291,75.3,3620,1479,113,126,89.7,80,106,75.5,19,48,39.6,1,0.9,+0.1,11,10,5,2,11,Matches
506,Leo Štulac\92948398,si SVN,MF,Empoli,27-138,1994,6.7,287,361,79.5,5814,1845,96,105,91.4,141,157,89.8,42,82,51.2,2,0.3,+1.7,6,28,6,1,31,Matches
507,Stefano Sturaro\2334478a,it ITA,MF,Genoa,28-339,1993,13.2,254,385,66.0,4370,1489,123,163,75.5,89,122,73.0,31,61,50.8,0,0.4,-0.4,5,18,7,2,32,Matches
508,Isaac Success\f573a8bf,ng NGA,FWMF,Udinese,26-035,1996,4.8,95,145,65.5,1607,323,48,71,67.6,32,44,72.7,10,18,55.6,2,1.3,+0.7,8,3,2,0,7,Matches
509,Vladyslav Supriaha\73affbb6,ua UKR,FW,Sampdoria,21-361,2000,0.2,3,4,75.0,37,3,3,3,100.0,0,1,0.0,0,0,,0,0.0,0.0,0,0,0,0,0,Matches
510,Bosko Sutalo\1d0bb7e4,hr CRO,DF,Hellas Verona,22-041,2000,4.5,164,208,78.8,3093,836,67,83,80.7,64,78,82.1,28,38,73.7,0,0.0,0.0,0,5,2,2,7,Matches
511,Mattias Svanberg\92d83c27,se SWE,MF,Bologna,23-037,1999,19.7,518,717,72.2,9078,2626,266,304,87.5,161,220,73.2,70,144,48.6,2,2.4,-0.4,24,51,19,4,52,Matches
512,Michael Svoboda\8abd174d,at AUT,DF,Venezia,23-119,1998,6.6,312,347,89.9,6919,2621,86,92,93.5,168,178,94.4,57,68,83.8,0,0.0,0.0,0,15,1,0,24,Matches
513,Wojciech Szczęsny\01b8a2b2,pl POL,GK,Juventus,31-299,1990,21.0,520,626,83.1,14816,7541,74,75,98.7,243,245,99.2,199,300,66.3,0,0.1,-0.1,1,1,0,0,0,Matches
514,Adrien Tameze\8da74c05,cm CMR,MFDF,Hellas Verona,28-007,1994,15.3,586,735,79.7,10697,3265,253,298,84.9,244,292,83.6,72,117,61.5,0,0.6,-0.6,12,51,11,1,75,Matches
515,Ciprian Tătărușanu\b056e3da,ro ROU,GK,Milan,36-002,1986,6.0,162,206,78.6,4995,3138,24,24,100.0,75,75,100.0,63,107,58.9,0,0.0,0.0,0,0,0,0,0,Matches
516,Pietro Terracciano\e1b0a70d,it ITA,GK,Fiorentina,31-340,1990,18.8,747,896,83.4,22284,11348,106,107,99.1,325,328,99.1,314,457,68.7,0,0.0,0.0,0,8,0,0,1,Matches
517,Aleksa Terzić\3ef0a2d7,rs SRB,DF,Fiorentina,22-178,1999,2.2,150,179,83.8,2837,1005,67,70,95.7,60,69,87.0,22,36,61.1,1,0.4,+0.6,4,5,6,5,9,Matches
518,Tanner Tessmann\ac277993,us USA,MF,Venezia,20-140,2001,5.9,136,177,76.8,2846,706,53,64,82.8,54,64,84.4,27,43,62.8,0,0.1,-0.1,2,17,1,0,13,Matches
519,Arthur Theate\df8d6029,be BEL,DF,Bologna,21-262,2000,16.1,811,964,84.1,16495,5916,289,310,93.2,398,439,90.7,119,196,60.7,1,0.2,+0.8,4,76,8,2,63,Matches
520,Morten Thorsby\d1b49282,no NOR,MF,Sampdoria,25-282,1996,21.1,431,619,69.6,6256,2162,251,324,77.5,135,194,69.6,23,48,47.9,1,0.8,+0.2,8,41,7,0,53,Matches
521,Jeremy Toljan\a96e5dc0,de GER,DF,Sassuolo,27-187,1994,15.1,726,823,88.2,12529,4048,349,374,93.3,294,329,89.4,73,100,73.0,1,1.1,-0.1,13,32,11,4,38,Matches
522,Rafael Tolói\c56dc39e,it ITA,DF,Atalanta,31-124,1990,11.7,580,690,84.1,12002,4330,206,225,91.6,284,316,89.9,89,134,66.4,1,0.4,+0.6,7,65,6,1,48,Matches
523,Takehiro Tomiyasu\b3af9be1,jp JPN,DF,Bologna,23-098,1998,0.1,3,3,100.0,93,83,0,0,,1,1,100.0,2,2,100.0,0,0.0,0.0,1,0,1,1,0,Matches
524,Fikayo Tomori\7edfbb8a,eng ENG,DF,Milan,24-054,1997,16.4,848,942,90.0,18323,5701,193,207,93.2,497,525,94.7,145,191,75.9,0,0.0,0.0,1,34,0,0,40,Matches
525,Sandro Tonali\0db169ae,it ITA,MF,Milan,21-279,2000,17.1,777,943,82.4,15881,4140,294,317,92.7,318,353,90.1,148,245,60.4,1,1.7,-0.7,24,79,13,4,59,Matches
526,Lorenzo Tonelli\8cc29864,it ITA,DF,Empoli,32-025,1990,9.0,448,519,86.3,9773,3805,122,133,91.7,235,249,94.4,84,126,66.7,0,0.2,-0.2,4,36,6,0,43,Matches
527,Ernesto Torregrossa\bf39bdec,it ITA,FW,Sampdoria,29-228,1992,1.3,31,46,67.4,595,131,17,21,81.0,9,14,64.3,5,7,71.4,0,0.1,-0.1,2,4,1,0,3,Matches
528,Lucas Torreira\52611641,uy URU,MF,Fiorentina,26-000,1996,17.1,850,966,88.0,18253,4139,251,275,91.3,424,464,91.4,165,206,80.1,1,1.3,-0.3,17,54,12,1,80,Matches
529,Abdoulaye Touré\ef7cd87a,fr FRA,MF,Genoa,27-345,1994,4.8,137,173,79.2,2207,378,70,78,89.7,51,66,77.3,12,21,57.1,0,0.0,0.0,0,12,0,0,8,Matches
530,Axel Tuanzebe\2baec6ce,eng ENG,DF,Napoli,24-089,1997,0.1,4,4,100.0,82,49,1,1,100.0,2,2,100.0,1,1,100.0,0,0.0,0.0,0,0,0,0,1,Matches
531,Iyenoma Udogie\7cd520e8,it ITA,DF,Udinese,19-075,2002,15.3,404,511,79.1,5952,2452,219,255,85.9,154,197,78.2,14,22,63.6,1,0.6,+0.4,9,18,6,2,30,Matches
532,Maximilian Ullmann\caaf2ed1,at AUT,DF,Venezia,25-239,1996,1.0,5,12,41.7,68,47,4,6,66.7,0,2,0.0,1,3,33.3,0,0.0,0.0,0,1,0,0,1,Matches
533,Antonio Vacca\444c89d9,it ITA,MF,Venezia,31-274,1990,8.3,426,489,87.1,9397,2550,115,127,90.6,216,234,92.3,91,117,77.8,0,0.0,0.0,2,35,4,0,25,Matches
534,Zinho Vanheusden\afbf187b,be BEL,DF,Genoa,22-197,1999,10.0,311,386,80.6,6477,1972,109,126,86.5,151,169,89.3,50,83,60.2,0,0.1,-0.1,1,20,0,0,19,Matches
535,Johan Vásquez\5eaed77a,mx MEX,DF,Genoa,23-112,1998,15.0,534,692,77.2,11020,3512,155,185,83.8,297,339,87.6,80,142,56.3,0,0.1,-0.1,1,35,1,0,31,Matches
536,Denis Vavro\08990838,sk SVK,DF,Lazio,25-307,1996,0.1,6,6,100.0,97,40,3,3,100.0,2,2,100.0,1,1,100.0,0,0.0,0.0,0,0,0,0,0,Matches
537,Matías Vecino\44ac04e9,uy URU,MF,Inter,30-171,1991,3.3,133,166,80.1,2293,767,65,75,86.7,49,59,83.1,14,22,63.6,0,0.6,-0.6,3,20,7,0,23,Matches
538,Miguel Veloso\ab1ca213,pt POR,MF,Hellas Verona,35-276,1986,13.4,679,855,79.4,13995,4313,234,280,83.6,324,371,87.3,116,185,62.7,2,1.9,+0.1,25,73,19,5,71,Matches
539,Lorenzo Venuti\983ff2c7,it ITA,DF,Fiorentina,26-305,1995,8.7,410,488,84.0,8592,2726,137,152,90.1,193,219,88.1,75,107,70.1,0,0.3,-0.3,4,32,5,2,29,Matches
540,Daniele Verde\d3298c99,it ITA,FWMF,Spezia,25-236,1996,12.1,353,522,67.6,7143,2139,161,198,81.3,115,160,71.9,71,150,47.3,1,2.2,-1.2,21,29,16,5,49,Matches
541,Simone Verdi\0375723e,it ITA,FWMF,Torino,29-214,1992,0.5,9,17,52.9,123,40,5,8,62.5,3,6,50.0,0,2,0.0,0,0.0,0.0,1,0,0,0,0,Matches
542,Simone Verdi\0375723e,it ITA,FW,Salernitana,29-214,1992,0.7,21,27,77.8,305,138,12,13,92.3,5,5,100.0,2,4,50.0,0,0.1,-0.1,1,2,2,1,5,Matches
543,Jordan Veretout\4a56052c,fr FRA,MF,Roma,28-347,1993,19.7,882,1045,84.4,18361,4599,295,329,89.7,416,464,89.7,164,230,71.3,5,3.4,+1.6,43,90,14,3,69,Matches
544,Edoardo Vergani\2873973b,it ITA,FWMF,Salernitana,21-005,2001,1.0,9,18,50.0,150,42,5,8,62.5,2,3,66.7,2,3,66.7,0,0.0,0.0,0,3,0,0,1,Matches
545,Valerio Verre\33ecf462,it ITA,MFFW,Sampdoria,28-031,1994,4.7,148,226,65.5,3013,932,56,75,74.7,61,95,64.2,28,44,63.6,0,0.3,-0.3,7,20,11,4,23,Matches
546,Valerio Verre\33ecf462,it ITA,MF,Empoli,28-031,1994,0.3,8,12,66.7,133,32,5,5,100.0,2,5,40.0,1,2,50.0,0,0.0,0.0,0,0,1,0,2,Matches
547,Freddie Veseli\d541e703,al ALB,DF,Salernitana,29-083,1992,6.1,139,166,83.7,2638,1067,57,61,93.4,65,76,85.5,16,27,59.3,0,0.0,0.0,0,7,2,2,6,Matches
548,Guglielmo Vicario\77d6fd4d,it ITA,GK,Empoli,25-127,1996,24.0,649,817,79.4,17248,10571,129,129,100.0,332,334,99.4,183,349,52.4,0,0.0,0.0,1,1,0,0,0,Matches
549,Arturo Vidal\67cdbc0e,cl CHI,MF,Inter,34-265,1987,4.8,280,322,87.0,4753,1132,153,169,90.5,87,100,87.0,33,44,75.0,1,0.5,+0.5,5,19,8,1,26,Matches
550,Ronaldo Vieira\75e60d75,gw GNB,MF,Sampdoria,23-207,1998,0.3,16,20,80.0,339,53,5,5,100.0,10,12,83.3,1,3,33.3,0,0.0,0.0,0,1,1,0,1,Matches
551,Luca Vignali\c1e8e74e,it ITA,DF,Spezia,26-031,1996,0.9,42,51,82.4,772,150,16,16,100.0,24,26,92.3,2,5,40.0,0,0.0,0.0,0,1,0,0,1,Matches
552,Emanuel Vignato\ec5dae45,it ITA,MFDF,Bologna,21-171,2000,5.6,282,335,84.2,4870,1438,152,169,89.9,98,111,88.3,31,40,77.5,0,1.6,-1.6,11,26,11,3,32,Matches
553,Matías Viña\08eb3b58,uy URU,DF,Roma,24-094,1997,15.2,598,742,80.6,10407,4452,267,308,86.7,271,313,86.6,52,94,55.3,1,1.1,-0.1,11,42,11,6,54,Matches
554,Nicolas Viola\45392b06,it ITA,MF,Bologna,32-122,1989,1.0,36,50,72.0,589,177,18,19,94.7,16,23,69.6,2,7,28.6,0,0.0,0.0,0,0,0,0,2,Matches
555,Mattia Viti\75438a9a,it ITA,DF,Empoli,20-018,2002,9.2,352,410,85.9,7438,2064,113,124,91.1,161,185,87.0,72,92,78.3,0,0.0,0.0,1,21,0,0,27,Matches
556,Dušan Vlahović\79443529,rs SRB,FW,Juventus,22-014,2000,1.0,14,22,63.6,245,33,9,13,69.2,3,3,100.0,2,3,66.7,0,0.0,0.0,0,0,1,0,1,Matches
557,Dušan Vlahović\79443529,rs SRB,FW,Fiorentina,22-014,2000,20.6,279,400,69.8,5113,713,129,169,76.3,97,142,68.3,41,58,70.7,2,1.9,+0.1,21,20,11,2,22,Matches
558,Mërgim Vojvoda\be2706c0,xk KVX,DF,Torino,27-010,1995,11.0,428,570,75.1,7516,3225,217,245,88.6,156,203,76.8,46,98,46.9,0,1.2,-1.2,8,39,13,8,45,Matches
559,Cristian Volpato\72f87f25,au AUS,MF,Roma,18-088,2003,0.0,1,1,100.0,13,10,1,1,100.0,0,0,,0,0,,0,0.0,0.0,0,0,0,0,0,Matches
560,Stefan de Vrij\d0d8dd44,nl NED,DF,Inter,30-006,1992,16.7,852,918,92.8,17716,4677,257,271,94.8,439,452,97.1,138,173,79.8,0,0.0,0.0,0,29,2,0,25,Matches
561,Walace\26db8853,br BRA,MF,Udinese,26-313,1995,19.9,811,986,82.3,16158,4059,292,334,87.4,373,418,89.2,128,199,64.3,0,1.5,-1.5,16,84,11,2,69,Matches
562,Sebastian Walukiewicz\217875a4,pl POL,DF,Cagliari,21-312,2000,3.1,153,167,91.6,3138,921,53,55,96.4,74,78,94.9,25,32,78.1,0,0.0,0.0,1,9,2,0,8,Matches
563,Magnus Warming\55e098cd,dk DEN,FWMF,Torino,21-248,2000,0.4,5,11,45.5,45,13,4,5,80.0,0,3,0.0,0,0,,0,0.0,0.0,0,1,0,0,1,Matches
564,Kelvin Yeboah\ea0893d6,it ITA,FW,Genoa,21-281,2000,2.4,26,41,63.4,414,173,12,15,80.0,9,14,64.3,3,5,60.0,0,0.1,-0.1,2,3,0,0,3,Matches
565,Gerard Yepes\ee9040b4,es ESP,MFDF,Sampdoria,19-170,2002,0.2,15,18,83.3,377,144,3,4,75.0,7,8,87.5,5,6,83.3,0,0.0,0.0,0,1,0,0,1,Matches
566,Maya Yoshida\caffaf5a,jp JPN,DF,Sampdoria,33-171,1988,16.6,625,740,84.5,15025,4605,134,154,87.0,328,363,90.4,158,215,73.5,1,1.0,0.0,3,35,3,1,34,Matches
567,Mattia Zaccagni\d85c238b,it ITA,FW,Lazio,26-240,1995,9.3,302,363,83.2,4418,1206,175,197,88.8,99,120,82.5,15,24,62.5,3,1.8,+1.2,14,10,20,1,42,Matches
568,Mattia Zaccagni\d85c238b,it ITA,MFFW,Hellas Verona,26-240,1995,2.0,60,75,80.0,925,383,35,37,94.6,15,23,65.2,7,10,70.0,0,0.8,-0.8,5,3,6,1,8,Matches
569,Denis Zakaria\384d58d9,ch SUI,MF,Juventus,25-083,1996,0.9,20,24,83.3,384,165,8,8,100.0,8,11,72.7,3,3,100.0,0,0.0,0.0,0,4,1,1,3,Matches
570,Nicola Zalewski\45191c29,pl POL,FWDF,Roma,20-019,2002,0.2,11,18,61.1,189,72,5,7,71.4,5,7,71.4,1,4,25.0,0,0.0,0.0,1,0,0,0,0,Matches
571,Andre-Frank Zambo Anguissa\6bb2c084,cm CMR,MF,Napoli,26-087,1995,13.1,708,784,90.3,11234,2740,371,398,93.2,263,289,91.0,49,60,81.7,0,1.1,-1.1,15,80,13,1,67,Matches
572,Nicolò Zaniolo\9907b1c8,it ITA,FW,Roma,22-224,1999,16.5,315,431,73.1,5636,1398,152,181,84.0,114,145,78.6,39,71,54.9,0,1.3,-1.3,16,25,20,2,44,Matches
573,Alessandro Zanoli\3b12b11f,it ITA,DFMF,Napoli,21-131,2000,0.2,15,19,78.9,216,16,10,11,90.9,3,5,60.0,2,3,66.7,0,0.0,0.0,0,0,0,0,0,Matches
574,Mattia Zanotti\875d65d1,it ITA,DF,Inter,19-031,2003,0.1,13,13,100.0,139,37,10,10,100.0,2,2,100.0,0,0,,0,0.1,-0.1,1,0,0,0,1,Matches
575,Duván Zapata\d3de9af0,co COL,FW,Atalanta,30-316,1991,13.4,266,339,78.5,4105,579,153,185,82.7,86,112,76.8,20,27,74.1,4,2.4,+1.6,21,13,14,3,18,Matches
576,Gabriele Zappa\ca3db240,it ITA,DF,Cagliari,22-051,1999,11.0,406,537,75.6,7325,3340,173,196,88.3,186,225,82.7,42,90,46.7,0,0.9,-0.9,7,19,6,5,29,Matches
577,Davide Zappacosta\7fe90ccd,it ITA,DF,Atalanta,29-245,1992,14.7,659,804,82.0,10314,3637,346,372,93.0,268,327,82.0,30,62,48.4,3,2.7,+0.3,17,22,20,11,49,Matches
578,Simone Zaza\9592289a,it ITA,FWMF,Torino,30-231,1991,1.3,31,39,79.5,445,88,18,21,85.7,11,14,78.6,1,1,100.0,0,0.0,0.0,0,1,1,0,2,Matches
579,Marvin Zeegelaar\8abd0c03,nl NED,DF,Udinese,31-183,1990,2.7,82,106,77.4,1593,600,31,38,81.6,35,46,76.1,12,18,66.7,0,0.0,0.0,0,2,0,0,8,Matches
580,Piotr Zieliński\a5296e55,pl POL,MF,Napoli,27-267,1994,15.9,692,815,84.9,11084,3018,349,386,90.4,257,308,83.4,55,72,76.4,5,2.9,+2.1,43,63,34,5,71,Matches
581,David Zima\acf7e795,cz CZE,DF,Torino,21-095,2000,9.3,337,390,86.4,6667,1376,110,128,85.9,172,187,92.0,48,63,76.2,0,0.4,-0.4,4,15,3,0,13,Matches
582,Jeroen Zoet\cc1a0c57,nl NED,GK,Spezia,31-036,1991,7.0,178,235,75.7,4850,2509,34,35,97.1,83,83,100.0,60,116,51.7,0,0.0,0.0,0,1,0,0,0,Matches
583,Nadir Zortea\82598b71,it ITA,DFMF,Salernitana,22-237,1999,8.7,164,260,63.1,3080,1666,73,91,80.2,65,104,62.5,20,45,44.4,1,0.7,+0.3,5,10,10,8,19,Matches
584,Szymon Żurkowski\4e1d5e59,pl POL,MF,Empoli,24-139,1997,14.2,447,533,83.9,7496,1703,223,254,87.8,179,202,88.6,36,52,69.2,1,1.0,0.0,12,34,14,2,46,Matches
585,Milan Đurić\405f6586,ba BIH,FW,Salernitana,31-265,1990,11.0,165,288,57.3,2068,420,118,201,58.7,39,71,54.9,3,4,75.0,0,0.6,-0.6,8,12,0,0,12,Matches
586,Filip Đuričić\eccbe56a,rs SRB,MFFW,Sassuolo,30-012,1992,7.0,168,206,81.6,2715,726,86,99,86.9,67,77,87.0,12,14,85.7,1,1.2,-0.2,10,13,17,0,32,Matches