,,,,,,,,Touches,Touches,Touches,Touches,Touches,Touches,Touches,Dribbles,Dribbles,Dribbles,Dribbles,Dribbles,Carries,Carries,Carries,Carries,Carries,Carries,Carries,Carries,Receiving,Receiving,Receiving,Receiving,
Rk,Player,Nation,Pos,Squad,Age,Born,90s,Touches,Def Pen,Def 3rd,Mid 3rd,Att 3rd,Att Pen,Live,Succ,Att,Succ%,#Pl,Megs,Carries,TotDist,PrgDist,Prog,1/3,CPA,Mis,Dis,Targ,Rec,Rec%,Prog,Matches
1,Tammy Abraham\f586779e,eng ENG,FW,Roma,24-132,1997,21.6,729,21,60,359,353,128,689,21,43,48.8,21,2,400,1712,925,57,22,16,57,29,888,512,57.7,155,Matches
2,Francesco Acerbi\b96b595c,it ITA,DF,Lazio,34-001,1988,17.1,1413,193,727,741,42,9,1372,1,1,100.0,1,0,942,4983,2905,63,13,0,6,3,1037,1021,98.5,7,Matches
3,Michel Aebischer\f9c927de,ch SUI,MF,Bologna,25-036,1997,0.1,10,0,3,5,2,0,10,0,0,,0,0,8,21,11,0,0,0,0,0,6,5,83.3,0,Matches
4,Felix Afena-Gyan\0154d290,gh GHA,FW,Roma,19-023,2003,4.2,179,0,12,70,115,33,171,7,18,38.9,8,1,142,630,407,15,10,2,23,16,189,125,66.1,38,Matches
5,Kevin Agudelo\46fa7204,co COL,FWMF,Spezia,23-089,1998,4.0,187,1,28,100,82,11,183,13,20,65.0,13,1,145,789,489,20,9,2,8,16,155,121,78.1,20,Matches
6,Ola Aina\246d153b,ng NGA,DF,Torino,25-126,1996,11.8,719,39,167,343,262,24,624,14,28,50.0,15,2,392,2231,1334,61,24,10,19,14,474,403,85.0,33,Matches
7,Jean-Daniel Akpa-Akpro\fdf4b948,ci CIV,MF,Lazio,29-123,1992,3.4,157,7,37,91,39,1,157,7,12,58.3,8,0,112,401,190,3,2,0,4,5,123,101,82.1,11,Matches
8,Luis Alberto\5294a83f,es ESP,MF,Lazio,29-136,1992,16.0,1346,10,198,764,496,22,1234,16,26,61.5,17,2,1000,4936,2972,119,61,6,9,18,1146,1053,91.9,63,Matches
9,Giorgio Altare\aa5322d5,it ITA,DF,Cagliari,23-186,1998,3.5,213,26,96,102,24,1,197,2,2,100.0,2,0,111,457,212,7,5,0,1,1,113,104,92.0,0,Matches
10,Kelvin Amian\bcc81786,fr FRA,DF,Spezia,24-003,1998,17.9,959,78,394,434,182,21,798,9,15,60.0,9,0,515,2448,1254,45,10,3,12,15,589,531,90.2,25,Matches
11,Nadiem Amiri\555d5edd,de GER,FW,Genoa,25-107,1996,0.4,20,1,2,14,5,1,19,3,5,60.0,3,0,18,107,56,3,1,0,1,1,15,13,86.7,1,Matches
12,Ethan Ampadu\10b9fa99,wls WAL,MFDF,Venezia,21-150,2000,13.1,725,71,318,351,101,9,693,5,8,62.5,5,0,425,2290,1154,37,15,4,5,11,448,420,93.8,7,Matches
13,Sofyan Amrabat\5a2cb25d,ma MAR,MF,Fiorentina,25-174,1996,2.5,193,8,55,133,21,1,186,2,2,100.0,2,0,132,735,287,8,1,1,2,2,134,130,97.0,2,Matches
14,Felipe Anderson\9f1893b9,br BRA,FW,Lazio,28-302,1993,19.5,1168,13,129,583,554,80,1108,39,66,59.1,41,3,841,4535,3073,156,54,28,43,38,1045,854,81.7,93,Matches
15,Ebenezer Annan\39aa05a7,gh GHA,DF,Bologna,19-174,2002,0.3,13,0,5,5,3,0,10,0,0,,0,0,6,25,18,0,0,0,0,0,3,3,100.0,0,Matches
16,Cristian Ansaldi\bbafc0c4,ar ARG,DF,Torino,35-144,1986,4.0,258,14,60,104,116,13,221,2,5,40.0,2,0,171,1046,615,31,7,4,5,5,186,165,88.7,9,Matches
17,Janis Antiste\38d9ce53,fr FRA,FWMF,Spezia,19-177,2002,6.9,234,4,43,99,107,41,222,7,15,46.7,7,2,134,520,267,11,2,5,15,16,280,159,56.8,48,Matches
18,Mattia Aramu\0847b5a5,it ITA,FWMF,Venezia,26-273,1995,13.1,617,13,75,294,277,20,537,4,15,26.7,5,2,400,1824,912,55,11,4,16,19,546,408,74.7,42,Matches
19,Marko Arnautović\00459419,at AUT,FW,Bologna,32-298,1989,18.3,791,16,53,358,421,106,749,21,34,61.8,23,2,507,2124,828,52,18,9,57,24,966,611,63.3,147,Matches
20,Tolgay Arslan\963a328b,de GER,MF,Udinese,31-179,1990,13.3,592,21,130,331,188,18,567,14,23,60.9,15,1,389,2404,1389,73,35,3,15,16,416,362,87.0,17,Matches
21,Arthur\a820e429,br BRA,FW,Fiorentina,23-292,1998,0.8,19,2,4,9,8,1,16,2,2,100.0,2,1,7,32,13,1,1,0,1,0,30,10,33.3,3,Matches
22,Kristoffer Askildsen\a69cc629,no NOR,MF,Sampdoria,21-033,2001,8.1,311,37,102,150,72,11,304,4,7,57.1,4,0,155,692,372,12,2,0,5,7,193,147,76.2,20,Matches
23,Kristjan Asllani\0fdcef0e,al ALB,MF,Empoli,19-339,2002,2.1,125,16,55,52,25,4,122,3,4,75.0,4,0,85,388,160,6,1,2,0,1,98,85,86.7,6,Matches
24,Emil Audero\649b01d8,it ITA,GK,Sampdoria,25-024,1997,19.5,701,646,698,3,0,0,499,0,0,,0,0,342,1690,956,0,0,0,0,0,324,323,99.7,0,Matches
25,Tommaso Augello\3cd3b384,it ITA,DF,Sampdoria,27-165,1994,18.8,1069,73,393,452,293,11,901,14,27,51.9,17,1,613,3359,1764,68,28,3,9,14,621,571,91.9,36,Matches
26,Ramzi Aya\6a1f66a7,it ITA,DF,Salernitana,31-193,1990,1.5,32,4,14,13,5,0,27,0,0,,0,0,16,66,32,1,0,0,0,0,18,15,83.3,0,Matches
27,Kaan Ayhan\2200181e,tr TUR,DF,Sassuolo,27-093,1994,6.8,453,66,236,233,15,2,430,1,1,100.0,1,0,291,1814,1257,27,2,0,3,0,307,303,98.7,0,Matches
28,Milan Badelj\e8c930bb,hr CRO,MF,Genoa,32-351,1989,19.7,1207,46,355,767,165,16,1178,27,42,64.3,29,1,728,2922,1317,46,12,1,21,18,794,757,95.3,24,Matches
29,Nedim Bajrami\f42d6c13,al ALB,MF,Empoli,22-348,1999,14.4,733,7,56,264,466,84,619,27,50,54.0,29,1,510,2964,1721,92,28,19,35,22,664,489,73.6,112,Matches
30,Tiemoué Bakayoko\59bf127b,fr FRA,MF,Milan,27-178,1994,5.4,375,19,87,243,58,4,374,5,10,50.0,5,0,228,1080,424,21,5,0,2,3,257,245,95.3,5,Matches
31,Keita Baldé\509a4ccb,sn SEN,FWMF,Cagliari,26-340,1995,9.8,262,5,18,141,122,30,253,5,9,55.6,5,0,170,837,377,23,8,5,21,12,370,189,51.1,61,Matches
32,Fodé Ballo-Touré\f449640d,sn SEN,DF,Milan,25-039,1997,4.9,335,10,76,176,109,16,300,6,10,60.0,6,2,210,1368,755,28,9,1,7,7,221,199,90.0,36,Matches
33,Filippo Bandinelli\d44360be,it ITA,MF,Empoli,26-319,1995,11.9,571,30,120,264,236,33,552,8,23,34.8,9,4,380,1955,1253,58,26,7,13,24,443,375,84.7,51,Matches
34,Mattia Bani\0821331c,it ITA,DF,Genoa,28-063,1993,7.7,358,94,236,119,16,6,336,0,0,,0,0,136,739,324,6,1,0,1,0,153,149,97.4,0,Matches
35,Antonín Barák\01efac19,cz CZE,FWMF,Hellas Verona,27-070,1994,18.0,1009,31,157,554,388,77,993,21,35,60.0,23,0,733,4471,2482,131,51,13,25,35,970,753,77.6,110,Matches
36,Nicolò Barella\6928979a,it ITA,MF,Inter,25-004,1997,18.8,1304,30,253,696,484,55,1288,19,38,50.0,20,1,990,6299,3286,122,53,10,28,23,1115,1016,91.1,91,Matches
37,Musa Barrow\e5bf73f3,gm GAM,FWMF,Bologna,23-089,1998,14.4,682,5,58,311,362,59,626,19,34,55.9,21,1,466,2585,1291,71,26,12,31,28,748,519,69.4,112,Matches
38,Daniele Baselli\ea06dd97,it ITA,MFFW,Torino,29-336,1992,1.7,102,5,24,54,30,4,95,1,1,100.0,1,0,55,280,132,8,2,0,3,0,75,60,80.0,8,Matches
39,Daniele Baselli\ea06dd97,it ITA,FW,Cagliari,29-336,1992,0.1,10,0,1,3,6,0,10,2,3,66.7,2,0,9,29,3,0,0,0,1,0,15,6,40.0,0,Matches
40,Toma Bašić\80556f08,hr CRO,MF,Lazio,25-078,1996,7.1,347,16,66,208,98,13,340,4,6,66.7,4,0,235,1235,458,17,12,0,9,4,292,257,88.0,25,Matches
41,Alessandro Bastoni\75b86fb3,it ITA,DF,Inter,22-304,1999,18.4,1468,186,619,758,186,17,1402,9,13,69.2,10,3,1019,4664,2799,87,21,4,10,10,1094,1067,97.5,23,Matches
42,Simone Bastoni\1ac232b8,it ITA,DFMF,Spezia,25-098,1996,18.1,1127,57,330,556,332,23,973,27,45,60.0,27,1,685,3948,2264,92,33,4,23,24,719,655,91.1,38,Matches
43,Rodrigo Becão\19e4eab9,br BRA,DF,Udinese,26-023,1996,20.8,993,152,524,449,72,18,927,1,3,33.3,1,0,579,2997,1764,40,9,2,5,4,622,597,96.0,7,Matches
44,Valon Behrami\d3d758d8,ch SUI,MF,Genoa,36-298,1985,3.5,96,8,23,52,22,3,92,1,1,100.0,1,0,45,201,81,6,0,0,1,2,64,48,75.0,7,Matches
45,Vid Belec\4f8ce0e1,si SVN,GK,Salernitana,31-250,1990,20.0,587,537,587,0,0,0,361,0,0,,0,0,213,1236,713,0,0,0,0,0,173,172,99.4,0,Matches
46,Raoul Bellanova\e3756e72,it ITA,DFMF,Cagliari,21-239,2000,14.3,657,38,200,280,233,22,599,12,29,41.4,13,3,424,2623,1407,55,16,4,22,15,489,401,82.0,33,Matches
47,Andrea Belotti\d705ba44,it ITA,FW,Torino,28-053,1993,5.3,201,3,7,78,124,33,190,4,7,57.1,4,0,115,587,284,14,3,5,20,8,296,158,53.4,56,Matches
48,Marco Benassi\0000acda,it ITA,MF,Empoli,27-156,1994,0.4,25,1,2,13,13,1,25,0,0,,0,0,17,124,83,3,1,0,1,0,25,21,84.0,3,Matches
49,Marco Benassi\0000acda,it ITA,DFMF,Fiorentina,27-156,1994,1.8,147,6,43,74,39,4,133,1,1,100.0,1,1,97,390,150,7,3,0,1,1,109,101,92.7,3,Matches
50,Ismaël Bennacer\db092d3b,dz ALG,MF,Milan,24-072,1997,9.7,835,39,209,523,166,8,798,22,22,100.0,22,0,624,3703,1680,67,13,1,13,14,634,589,92.9,17,Matches
51,Rodrigo Bentancur\3b8674e6,uy URU,MF,Juventus,24-251,1997,12.8,890,31,175,595,177,15,879,5,7,71.4,5,0,647,2926,1335,52,20,3,12,21,671,635,94.6,31,Matches
52,Domenico Berardi\53a0e358,it ITA,FW,Sassuolo,27-194,1994,20.3,1192,17,121,574,578,91,1115,19,43,44.2,22,2,833,4511,2390,118,38,21,39,29,1031,853,82.7,149,Matches
53,Bartosz Bereszyński\61b3978f,pl POL,DF,Sampdoria,29-214,1992,19.7,1116,81,375,523,284,22,965,14,26,53.8,15,1,646,3209,1642,66,25,4,20,19,695,606,87.2,36,Matches
54,Federico Bernardeschi\ee93c1a9,it ITA,FWMF,Juventus,27-360,1994,11.7,582,18,92,272,280,42,547,20,42,47.6,26,2,443,2686,1297,70,29,16,17,17,506,417,82.4,56,Matches
55,Daniel Bessa\88895312,it ITA,MFFW,Hellas Verona,29-028,1993,4.4,328,15,66,184,112,4,313,6,7,85.7,6,0,237,1504,874,44,18,4,1,7,250,227,90.8,25,Matches
56,Beto\ed5c0319,gw GNB,FW,Udinese,24-011,1998,18.7,568,21,48,310,258,76,543,33,63,52.4,36,3,356,1574,910,48,20,8,68,45,862,387,44.9,98,Matches
57,Luis Binks\36e88fbc,eng ENG,DF,Bologna,20-162,2001,4.8,267,48,139,134,8,2,258,1,1,100.0,1,0,138,669,269,5,1,0,1,1,152,149,98.0,1,Matches
58,Cristiano Biraghi\9e1577aa,it ITA,DF,Fiorentina,29-163,1992,20.7,1720,46,562,743,509,30,1399,6,19,31.6,9,2,1094,4726,2432,96,38,6,12,3,1209,1149,95.0,44,Matches
59,Davide Biraschi\64cd167d,it ITA,DF,Genoa,27-224,1994,10.3,558,75,253,282,48,2,509,13,17,76.5,13,0,319,1565,835,24,7,1,5,5,312,299,95.8,5,Matches
60,Bjarki Bjarkason\f1d25de7,is ISL,FW,Venezia,21-276,2000,0.0,2,0,1,1,0,0,2,0,0,,0,0,2,14,12,1,0,0,0,0,5,2,40.0,0,Matches
61,Jeremie Boga\fe012aca,ci CIV,MF,Atalanta,25-039,1997,0.4,25,0,1,12,14,2,23,1,1,100.0,1,0,21,174,115,7,2,1,3,0,28,22,78.6,4,Matches
62,Jeremie Boga\fe012aca,ci CIV,FWMF,Sassuolo,25-039,1997,7.4,366,1,55,193,171,38,364,24,47,51.1,26,2,327,2363,1536,70,24,21,21,10,357,299,83.8,36,Matches
63,Luka Bogdan\cb678320,hr CRO,DF,Salernitana,25-322,1996,5.4,173,37,115,55,9,4,162,1,1,100.0,1,0,71,254,114,3,1,0,2,1,86,84,97.7,1,Matches
64,Emil Bohinen\c83c203f,no NOR,MF,Salernitana,22-336,1999,0.3,14,0,0,6,8,1,14,0,1,0.0,0,0,10,33,14,1,0,0,1,0,13,11,84.6,1,Matches
65,Giacomo Bonaventura\d995ed27,it ITA,MF,Fiorentina,32-173,1989,19.8,1175,18,195,660,439,61,1137,20,35,57.1,23,1,895,4991,2793,143,60,17,28,21,1007,906,90.0,83,Matches
66,Federico Bonazzoli\bf57eaab,it ITA,FW,Salernitana,24-266,1997,12.0,459,5,40,250,201,31,412,14,25,56.0,14,0,307,1635,774,32,15,2,24,17,500,305,61.0,60,Matches
67,Kevin Bonifazi\fb77bfef,it ITA,DF,Bologna,25-268,1996,8.7,475,61,216,258,41,7,457,7,8,87.5,7,0,315,2082,1006,26,7,0,3,5,300,295,98.3,0,Matches
68,Leonardo Bonucci\52ec54d0,it ITA,DF,Juventus,34-286,1987,15.0,1015,181,561,464,31,17,968,1,2,50.0,1,0,582,2295,1081,11,0,0,1,1,745,727,97.6,0,Matches
69,Mehdi Bourabia\0d077b88,ma MAR,MF,Spezia,30-188,1991,2.8,137,20,49,76,15,0,123,4,8,50.0,4,1,76,283,166,8,2,0,0,5,69,65,94.2,1,Matches
70,Edoardo Bove\ae94a6c5,it ITA,MFDF,Roma,19-271,2002,0.4,19,0,5,9,6,1,18,1,1,100.0,1,0,16,90,46,2,0,0,0,0,15,13,86.7,1,Matches
71,Josip Brekalo\d4a2533d,hr CRO,FWMF,Torino,23-233,1998,13.7,789,7,63,347,439,46,731,22,41,53.7,25,1,560,3245,1679,94,31,14,28,20,745,593,79.6,92,Matches
72,Gleison Bremer\5fd5ed86,br BRA,DF,Torino,24-330,1997,20.3,1238,132,605,629,72,42,1222,7,11,63.6,8,0,682,3818,1609,33,8,1,9,7,620,601,96.9,5,Matches
73,Marcelo Brozović\33b8d077,hr CRO,MF,Inter,29-087,1992,21.2,1924,92,580,1158,350,24,1859,13,18,72.2,13,0,1406,7919,3248,102,42,2,14,18,1512,1463,96.8,27,Matches
74,Aleksander Buksa\59f2d958,pl POL,FW,Genoa,19-027,2003,0.7,20,1,2,13,6,2,19,0,1,0.0,0,0,11,43,22,1,1,0,0,1,21,12,57.1,4,Matches
75,Alessandro Buongiorno\4ae67f27,it ITA,DF,Torino,22-250,1999,9.0,475,32,182,267,54,10,465,0,2,0.0,0,0,261,1263,628,25,8,0,4,2,299,287,96.0,2,Matches
76,Gianluca Busio\4a0b7f07,us USA,MF,Venezia,19-259,2002,16.4,918,54,296,513,175,18,876,3,10,30.0,3,0,584,2746,1521,44,26,2,13,20,677,603,89.1,27,Matches
77,Liberato Cacace\dd86e8e4,nz NZL,DF,Empoli,21-137,2000,0.2,21,3,11,7,4,1,17,1,1,100.0,1,0,13,35,17,0,0,0,0,2,10,8,80.0,0,Matches
78,Martín Cáceres\e94d79e3,uy URU,DF,Cagliari,34-310,1987,9.2,547,40,191,300,87,9,474,1,2,50.0,1,0,288,1480,740,21,6,0,5,1,310,291,93.9,5,Matches
79,Felipe Caicedo\93b891d1,ec ECU,FW,Genoa,33-159,1988,3.2,113,5,8,54,56,19,109,1,5,20.0,1,0,61,180,90,5,1,3,6,2,142,83,58.5,24,Matches
80,Davide Calabria\2146785a,it ITA,DF,Milan,25-067,1996,11.2,721,22,218,370,177,17,636,5,10,50.0,5,0,420,2027,1212,45,19,4,9,4,456,433,95.0,17,Matches
81,Riccardo Calafiori\aded8e6f,it ITA,DF,Genoa,19-268,2002,0.6,22,3,12,6,4,0,17,0,0,,0,0,4,36,10,0,0,0,0,0,4,3,75.0,0,Matches
82,Riccardo Calafiori\aded8e6f,it ITA,DF,Roma,19-268,2002,1.9,96,2,33,39,33,1,82,2,3,66.7,2,0,65,369,166,11,3,1,1,1,63,58,92.1,4,Matches
83,Mattia Caldara\ac7e640b,it ITA,DF,Venezia,27-282,1994,18.0,944,220,606,358,39,9,916,1,2,50.0,1,0,549,3227,1706,29,7,0,2,6,556,540,97.1,3,Matches
84,Hakan Çalhanoğlu\cd0fa27b,tr TUR,MF,Inter,28-003,1994,15.3,1220,12,189,617,493,28,1093,9,16,56.3,9,0,799,3966,2102,109,39,3,17,16,951,871,91.6,66,Matches
85,José Callejón\78841da9,es ESP,FW,Fiorentina,35-000,1987,13.0,642,5,78,311,294,43,612,7,11,63.6,7,3,455,1810,964,51,25,6,16,10,618,496,80.3,67,Matches
86,Andrea Cambiaso\247ed022,it ITA,DF,Genoa,21-356,2000,18.0,1035,65,322,494,303,35,894,26,45,57.8,29,2,652,4079,2287,120,40,16,20,24,656,572,87.2,42,Matches
87,Matteo Cancellieri\b6a1cdf9,it ITA,MFDF,Hellas Verona,19-364,2002,1.9,56,1,7,26,28,5,55,4,9,44.4,6,1,44,277,143,6,1,1,4,2,61,39,63.9,4,Matches
88,Antonio Candreva\356c9002,it ITA,MFFW,Sampdoria,34-348,1987,22.8,1456,36,209,652,717,69,1288,18,37,48.6,20,2,988,6116,3199,162,65,23,27,35,1227,1034,84.3,112,Matches
89,Leonardo Capezzi\07ea0ef2,it ITA,MF,Salernitana,26-320,1995,1.9,81,8,17,42,25,1,78,2,3,66.7,2,0,42,154,80,6,1,0,6,5,59,39,66.1,4,Matches
90,Gianluca Caprari\54e53b7e,it ITA,FWMF,Hellas Verona,28-196,1993,17.3,1040,7,94,468,572,91,986,37,64,57.8,39,11,817,4384,2532,138,53,29,43,46,1041,807,77.5,153,Matches
91,Francesco Caputo\5bd72174,it ITA,FW,Sampdoria,34-189,1987,18.0,482,12,39,227,235,92,453,7,14,50.0,8,1,298,1214,586,37,8,13,32,15,717,373,52.0,132,Matches
92,Francesco Caputo\5bd72174,it ITA,FW,Sassuolo,34-189,1987,1.7,48,0,2,26,21,13,45,0,1,0.0,0,0,28,142,42,5,0,2,3,2,62,38,61.3,17,Matches
93,Andrea Carboni\f7e2af2c,it ITA,DF,Cagliari,21-007,2001,19.5,1068,152,510,531,90,10,1029,7,10,70.0,7,2,586,3400,2045,78,16,0,4,7,654,637,97.4,9,Matches
94,Nicolò Casale\3f5f38fb,it ITA,DF,Hellas Verona,23-362,1998,17.7,918,85,395,437,141,18,873,6,11,54.5,7,0,483,2969,1665,50,20,0,5,7,539,504,93.5,7,Matches
95,Francesco Cassata\96960855,it ITA,MF,Genoa,24-210,1997,0.1,3,0,1,1,1,0,3,0,0,,0,0,3,17,16,0,0,0,0,1,1,1,100.0,0,Matches
96,Samu Castillejo\130a7a3f,es ESP,FWMF,Milan,27-024,1995,1.4,87,2,8,33,56,8,83,0,3,0.0,0,0,64,390,210,8,5,1,1,2,67,63,94.0,11,Matches
97,Gaetano Castrovilli\0728bebe,it ITA,MF,Fiorentina,24-359,1997,7.0,318,4,59,168,120,24,313,7,8,87.5,7,0,240,1571,809,37,14,5,18,19,263,218,82.9,24,Matches
98,Danilo Cataldi\ba3d3bea,it ITA,MF,Lazio,27-189,1994,12.9,970,40,236,624,150,1,926,7,10,70.0,8,0,633,2379,843,29,13,0,6,5,748,720,96.3,9,Matches
99,Pietro Ceccaroni\4d1efb48,it ITA,DF,Venezia,26-052,1995,21.7,1336,371,931,427,57,16,1280,9,14,64.3,10,0,799,4965,2870,34,6,0,4,5,889,875,98.4,2,Matches
100,Federico Ceccherini\d9624b51,it ITA,DF,Hellas Verona,29-276,1992,15.2,905,75,369,465,130,22,875,4,10,40.0,4,0,543,2638,1378,50,19,0,13,15,576,543,94.3,22,Matches
101,Emil Ceide\98a84572,no NOR,FW,Sassuolo,20-161,2001,0.1,8,0,1,4,4,2,8,0,0,,0,0,7,67,43,2,0,1,0,1,8,7,87.5,1,Matches
102,Luca Ceppitelli\7d50454d,it ITA,DF,Cagliari,32-184,1989,12.1,724,111,375,367,29,7,704,2,2,100.0,2,0,408,1797,926,23,3,0,4,4,461,455,98.7,3,Matches
103,Damir Ceter\eade5337,co COL,FW,Cagliari,24-101,1997,0.1,2,0,0,2,0,0,2,0,0,,0,0,2,38,24,0,0,0,0,0,4,2,50.0,0,Matches
104,Julian Chabot\ae7058f9,de GER,DF,Sampdoria,23-364,1998,5.4,318,50,168,162,9,4,300,1,1,100.0,1,0,182,910,524,9,1,0,0,3,173,172,99.4,1,Matches
105,Giorgio Chiellini\e85fb9b8,it ITA,DF,Juventus,37-181,1984,10.5,778,105,379,402,44,4,755,1,1,100.0,1,0,448,2534,1476,40,12,0,5,0,541,533,98.5,0,Matches
106,Federico Chiesa\b0f7e36c,it ITA,MFFW,Juventus,24-109,1997,9.6,433,8,80,183,216,50,401,21,33,63.6,23,2,304,1922,1309,49,19,11,17,27,390,276,70.8,50,Matches
107,Vlad Chiricheș\c316607a,ro ROU,DF,Sassuolo,32-089,1989,17.6,1111,155,588,567,26,6,1072,2,4,50.0,2,1,726,3019,1584,30,6,0,8,8,783,768,98.1,0,Matches
108,Riccardo Ciervo\da77b60b,it ITA,MFDF,Sampdoria,19-316,2002,2.5,94,2,19,40,45,8,90,2,3,66.7,2,0,65,550,314,17,5,2,3,3,82,59,72.0,12,Matches
109,Giorgio Cittadini\e4ba67f2,it ITA,DF,Atalanta,19-299,2002,0.0,0,0,0,0,0,0,0,0,0,,0,0,0,0,0,0,0,0,0,0,0,0,,0,Matches
110,Ebrima Colley\bf356094,gm GAM,FWMF,Spezia,22-010,2000,4.0,185,4,28,95,83,8,179,10,20,50.0,13,1,140,903,506,26,11,3,12,6,175,132,75.4,17,Matches
111,Omar Colley\8b95acda,gm GAM,DF,Sampdoria,29-110,1992,17.5,987,194,600,399,31,14,942,3,3,100.0,3,0,498,2808,1462,32,3,0,4,0,532,509,95.7,2,Matches
112,Andrea Consigli\8cabdc1e,it ITA,GK,Sassuolo,35-015,1987,23.0,989,821,988,9,0,0,756,0,0,,0,0,522,2689,1886,0,0,0,0,0,542,542,100.0,0,Matches
113,Andrea Conti\8fef5412,it ITA,DF,Sampdoria,27-346,1994,0.5,22,4,12,6,4,1,20,0,0,,0,0,5,12,2,0,0,0,1,0,15,8,53.3,1,Matches
114,Andrea Conti\8fef5412,it ITA,DF,Milan,27-346,1994,0.1,6,0,3,2,1,0,5,0,0,,0,0,3,3,0,0,0,0,0,0,3,3,100.0,0,Matches
115,Diego Coppola\22ae86f9,it ITA,DF,Hellas Verona,18-045,2003,0.1,4,4,4,0,0,0,4,0,0,,0,0,0,0,0,0,0,0,0,0,1,0,0.0,0,Matches
116,Joaquín Correa\45b9b619,ar ARG,FW,Inter,27-182,1994,6.1,251,2,10,94,167,47,247,4,12,33.3,6,1,200,1267,812,45,12,13,16,10,266,198,74.4,49,Matches
117,Lassana Coulibaly\85a44ecc,ml MLI,MF,Salernitana,25-307,1996,13.5,537,38,147,301,136,7,532,17,27,63.0,17,0,358,2524,1268,52,15,0,11,9,360,310,86.1,14,Matches
118,Mamadou Coulibaly\c976160c,sn SEN,MFFW,Salernitana,23-008,1999,8.2,396,17,104,210,121,13,393,14,17,82.4,14,1,266,1701,827,35,17,3,10,16,282,219,77.7,24,Matches
119,Alessio Cragno\f554e29b,it ITA,GK,Cagliari,27-228,1994,21.0,778,686,776,3,0,0,520,0,0,,0,0,340,1763,1087,0,0,0,0,0,316,314,99.4,0,Matches
120,Domenico Criscito\35dd6d80,it ITA,DF,Genoa,35-043,1986,14.4,962,104,407,455,162,12,855,5,7,71.4,5,0,545,3008,1720,56,23,1,7,6,536,523,97.6,3,Matches
121,Bryan Cristante\16657b95,it ITA,MF,Roma,26-345,1995,18.8,1286,59,323,841,200,27,1241,11,14,78.6,12,0,812,4202,1938,81,23,0,6,17,919,880,95.8,14,Matches
122,Domen Črnigoj\22cd43d2,si SVN,MF,Venezia,26-085,1995,12.1,573,33,173,278,163,21,566,5,12,41.7,5,1,344,1802,855,37,13,6,16,17,440,370,84.1,32,Matches
123,Giovanni Crociata\8c964914,it ITA,FW,Empoli,24-184,1997,0.2,11,0,0,4,8,1,11,0,1,0.0,0,0,9,83,38,2,0,0,0,0,10,9,90.0,0,Matches
124,Juan Cuadrado\0ab1f153,co COL,DFMF,Juventus,33-261,1988,18.0,1472,56,380,747,444,47,1332,26,46,56.5,28,0,1026,4841,3018,128,32,18,24,20,1128,1037,91.9,62,Matches
125,Mickaël Cuisance\5722eced,fr FRA,MF,Venezia,22-179,1999,3.2,147,0,38,80,41,2,135,5,7,71.4,5,0,108,523,210,10,3,0,1,8,101,94,93.1,11,Matches
126,Patrick Cutrone\a4fe8cda,it ITA,FW,Empoli,24-039,1998,11.1,312,5,19,107,204,75,293,8,17,47.1,9,0,213,1284,560,34,5,8,23,12,441,228,51.7,97,Matches
127,Danilo D'Ambrosio\44eb9093,it ITA,DF,Inter,33-155,1988,5.7,470,60,226,216,47,9,456,2,2,100.0,2,1,351,1557,777,18,3,1,5,3,370,358,96.8,6,Matches
128,Mikkel Damsgaard\215f3907,dk DEN,MFFW,Sampdoria,21-223,2000,5.7,314,10,55,147,137,19,309,14,19,73.7,14,0,230,1059,556,27,11,3,6,14,258,210,81.4,42,Matches
129,Danilo\94b2001f,br BRA,DFMF,Juventus,30-211,1991,11.0,838,58,331,455,87,4,753,1,5,20.0,1,0,516,1772,905,29,6,2,3,4,559,547,97.9,7,Matches
130,Ebrima Darboe\cf043a33,gm GAM,MF,Roma,20-250,2001,0.7,47,1,8,35,5,1,44,0,0,,0,0,35,167,41,1,0,1,2,0,34,34,100.0,3,Matches
131,Matteo Darmian\96e0490d,it ITA,DF,Inter,32-071,1989,12.1,591,28,172,244,200,19,505,0,2,0.0,0,0,324,1252,682,36,12,3,9,8,407,361,88.7,41,Matches
132,Paweł Dawidowicz\16bb656a,pl POL,DF,Hellas Verona,26-267,1995,13.2,745,87,311,378,102,16,727,4,5,80.0,4,0,453,2554,1428,46,17,2,5,2,466,448,96.1,7,Matches
133,Sebastien De Maio\952a03fe,fr FRA,DF,Udinese,34-343,1987,2.0,98,13,70,35,0,0,94,0,0,,0,0,44,224,59,1,0,0,1,1,44,43,97.7,1,Matches
134,Tommaso De Nipoti\7f9d956a,it ITA,MF,Atalanta,18-203,2003,0.1,2,0,0,2,0,0,2,0,0,,0,0,0,0,0,0,0,0,0,0,5,1,20.0,0,Matches
135,Mattia De Sciglio\ae4e2852,it ITA,DF,Juventus,29-114,1992,7.3,436,25,134,215,121,11,384,7,12,58.3,7,0,262,1313,716,33,11,3,4,5,273,256,93.8,16,Matches
136,Lorenzo De Silvestri\e74f0e59,it ITA,DF,Bologna,33-264,1988,15.9,1049,64,331,554,224,25,920,6,12,50.0,7,0,566,3008,1567,51,21,0,15,10,756,672,88.9,26,Matches
137,Grégoire Defrel\854ee61a,mq MTQ,FW,Sassuolo,30-239,1991,9.5,362,10,44,171,176,40,344,8,13,61.5,8,0,257,1493,715,32,12,11,17,16,375,253,67.5,74,Matches
138,Alessandro Deiola\7f267d66,it ITA,MF,Cagliari,26-194,1995,15.0,640,52,207,336,122,13,637,4,7,57.1,6,0,382,1609,648,31,10,2,14,8,459,392,85.4,33,Matches
139,Filippo Delli Carri\d2e8fd9b,it ITA,DF,Salernitana,22-284,1999,4.7,171,28,89,59,29,7,149,1,2,50.0,2,0,83,337,187,8,3,0,4,1,87,80,92.0,4,Matches
140,Merih Demiral\e3cceee6,tr TUR,DF,Atalanta,23-343,1998,13.7,657,84,347,300,38,22,627,0,1,0.0,0,0,326,2072,619,11,1,0,1,4,353,343,97.2,5,Matches
141,Diego Demme\dc3fa3b5,de GER,MF,Napoli,30-082,1991,4.6,396,8,93,234,93,2,392,2,3,66.7,2,0,283,1169,580,26,8,2,1,5,333,323,97.0,2,Matches
142,Fabio Depaoli\d97f2e8d,it ITA,MFDF,Sampdoria,24-293,1997,1.2,49,2,13,22,18,2,47,2,3,66.7,2,0,30,112,55,3,1,0,2,2,40,29,72.5,3,Matches
143,Fabio Depaoli\d97f2e8d,it ITA,DF,Hellas Verona,24-293,1997,2.5,150,9,23,62,71,5,130,2,5,40.0,3,1,84,296,159,10,4,0,2,3,99,84,84.8,4,Matches
144,Mattia Destro\d7d32194,it ITA,FW,Genoa,30-328,1991,13.2,409,10,37,230,156,49,375,7,19,36.8,7,2,189,588,298,17,5,5,42,20,553,287,51.9,68,Matches
145,Gerard Deulofeu\39583cfd,es ESP,FWMF,Udinese,27-335,1994,16.1,743,9,65,298,447,90,647,23,56,41.1,28,2,552,3308,2254,127,43,32,29,46,741,513,69.2,80,Matches
146,Jacopo Dezi\e921b9db,it ITA,MF,Venezia,30-001,1992,0.2,30,0,3,18,12,1,28,1,2,50.0,1,0,23,141,69,4,0,1,0,0,22,20,90.9,1,Matches
147,Samuel Di Carmine\ef94dc2f,it ITA,FW,Hellas Verona,33-144,1988,0.4,10,0,1,7,4,1,9,1,1,100.0,1,0,8,36,16,1,1,0,2,0,13,7,53.8,1,Matches
148,Federico Di Francesco\1fca9171,it ITA,FWMF,Empoli,27-242,1994,10.7,413,13,48,166,230,63,404,7,26,26.9,8,0,300,1566,789,39,12,12,22,21,441,296,67.1,92,Matches
149,Giovanni Di Lorenzo\230a2fac,it ITA,DF,Napoli,28-191,1993,23.8,2052,93,585,1042,575,60,1803,12,31,38.7,12,2,1391,7006,3792,173,71,10,16,17,1505,1436,95.4,70,Matches
150,Francesco Di Mariano\35a2557c,it ITA,FW,Venezia,25-297,1996,0.7,20,1,2,10,13,2,20,0,2,0.0,0,0,17,139,55,4,1,1,0,1,22,17,77.3,4,Matches
151,Francesco Di Tacchio\b5c3ff9f,it ITA,MF,Salernitana,31-297,1990,13.9,672,47,180,431,92,8,635,5,10,50.0,5,1,395,1642,750,24,7,0,7,10,401,375,93.5,7,Matches
152,Amadou Diawara\bf309d24,gn GUI,MF,Roma,24-209,1997,1.9,79,2,25,47,10,0,76,1,1,100.0,1,0,43,149,44,1,1,0,0,0,51,48,94.1,0,Matches
153,Brahim Díaz\407feb71,es ESP,MF,Milan,22-192,1999,14.2,717,7,41,425,321,49,696,31,61,50.8,34,1,594,3183,1683,91,35,7,31,38,722,564,78.1,101,Matches
154,Mitchell Dijks\0a3065c8,nl NED,DF,Bologna,29-002,1993,2.7,119,6,47,53,30,5,94,3,8,37.5,3,0,61,380,221,8,2,2,4,1,73,60,82.2,1,Matches
155,Federico Dimarco\970b8574,it ITA,DF,Inter,24-093,1997,9.1,736,32,185,330,291,34,627,4,7,57.1,5,0,468,2609,1638,68,29,4,7,7,542,502,92.6,48,Matches
156,Filippo Distefano\2110f96c,it ITA,FW,Fiorentina,18-167,2003,0.0,3,0,2,0,1,0,3,0,0,,0,0,2,0,0,0,0,0,0,1,3,2,66.7,0,Matches
157,Koffi Djidji\933d3b51,ci CIV,DF,Torino,29-073,1992,13.1,778,53,311,412,110,7,748,9,11,81.8,10,0,453,2250,1127,42,13,1,7,4,468,455,97.2,5,Matches
158,Berat Djimsiti\6eee05f1,al ALB,DF,Atalanta,28-357,1993,15.3,1013,71,425,533,119,10,958,2,5,40.0,2,0,594,2864,1294,51,11,1,3,2,681,656,96.3,9,Matches
159,Nicolás Domínguez\20b3a502,ar ARG,MF,Bologna,23-228,1998,18.9,1239,57,323,778,207,21,1194,11,18,61.1,12,1,728,3559,1663,71,26,3,18,14,855,789,92.3,27,Matches
160,Bartłomiej Drągowski\085e71a7,pl POL,GK,Fiorentina,24-176,1997,4.2,241,181,240,3,0,0,211,0,0,,0,0,156,681,353,0,0,0,0,0,165,165,100.0,0,Matches
161,Radu Drăgușin\620922ed,ro ROU,DF,Salernitana,20-008,2002,1.0,59,5,31,30,3,0,56,0,0,,0,0,31,199,85,1,0,0,0,0,34,32,94.1,0,Matches
162,Radu Drăgușin\620922ed,ro ROU,DF,Sampdoria,20-008,2002,6.9,318,41,146,135,49,2,273,0,0,,0,0,144,968,471,17,5,0,3,3,139,128,92.1,4,Matches
163,Denzel Dumfries\481c9ece,nl NED,DF,Inter,25-299,1996,11.5,569,23,118,205,281,71,494,9,16,56.3,9,0,342,1829,905,39,10,9,16,15,429,351,81.8,70,Matches
164,Alfred Duncan\528492ea,gh GHA,MF,Fiorentina,28-338,1993,12.1,593,12,110,327,191,27,585,4,5,80.0,4,1,399,1939,1117,47,16,8,8,22,485,428,88.2,47,Matches
165,Paulo Dybala\e0921a4f,ar ARG,FWMF,Juventus,28-088,1993,14.5,969,6,97,497,440,64,895,26,44,59.1,28,2,692,3217,1427,86,22,11,43,22,896,738,82.4,123,Matches
166,Edin Džeko\3bb7f478,ba BIH,FW,Inter,35-331,1986,16.9,730,28,69,377,323,108,708,10,23,43.5,12,2,445,2202,1137,64,25,13,39,24,834,571,68.5,158,Matches
167,Tyronne Ebuehi\6af30900,ng NGA,DF,Venezia,26-057,1995,9.2,487,40,213,195,115,16,407,8,12,66.7,8,0,269,1580,866,33,17,4,9,5,301,255,84.7,11,Matches
168,Albin Ekdal\f503ea63,se SWE,MF,Sampdoria,32-198,1989,12.6,626,30,181,371,114,19,602,9,12,75.0,9,2,356,1796,829,27,10,1,4,8,371,350,94.3,18,Matches
169,Caleb Ekuban\7afbd2c3,gh GHA,FWMF,Genoa,27-325,1994,13.6,491,14,54,267,197,52,476,19,35,54.3,23,2,317,1445,695,34,16,7,39,29,563,335,59.5,96,Matches
170,Elif Elmas\cf007308,mk MKD,FWMF,Napoli,22-140,1999,13.2,740,20,93,361,344,49,717,17,23,73.9,18,0,554,3314,1937,95,29,19,16,25,719,599,83.3,57,Matches
171,Martin Erlic\0fee6bda,hr CRO,DF,Spezia,24-018,1998,16.2,812,189,540,278,25,17,789,2,2,100.0,2,0,404,2076,820,10,2,0,7,1,464,454,97.8,1,Matches
172,Gonzalo Escalante\3f79a1c8,ar ARG,MF,Lazio,28-321,1993,0.1,10,2,6,3,1,0,9,0,0,,0,0,4,6,0,0,0,0,0,1,4,4,100.0,0,Matches
173,Diego Falcinelli\a39b9ef6,it ITA,FWMF,Bologna,30-230,1991,0.5,29,1,3,9,18,9,29,0,2,0.0,1,0,19,40,23,1,0,0,5,2,30,20,66.7,5,Matches
174,Wladimiro Falcone\9f5a610b,it ITA,GK,Sampdoria,26-305,1995,4.5,177,170,177,0,0,0,130,0,0,,0,0,72,286,143,0,0,0,0,0,78,77,98.7,0,Matches
175,Paolo Faragò\9085dd7c,it ITA,MF,Cagliari,28-364,1993,0.2,15,0,5,5,7,4,15,1,1,100.0,1,0,9,53,42,1,1,0,0,1,11,7,63.6,1,Matches
176,Davide Faraoni\aae9d04a,it ITA,DF,Hellas Verona,30-109,1991,18.4,1100,62,294,471,371,37,916,10,22,45.5,10,1,570,1761,933,45,13,6,24,17,688,595,86.5,33,Matches
177,Mohamed Fares\b7a5bc86,dz ALG,DFFW,Genoa,25-361,1996,6.5,343,11,96,146,122,15,296,7,16,43.8,8,1,196,932,512,25,8,0,8,9,233,195,83.7,14,Matches
178,Diego Farias\157d29b6,br BRA,MFFW,Cagliari,31-277,1990,0.7,38,0,3,14,22,2,37,2,2,100.0,2,0,29,171,66,4,0,1,1,0,32,29,90.6,3,Matches
179,Andrea Favilli\44510fde,it ITA,FW,Genoa,24-270,1997,0.4,13,2,3,6,5,3,11,0,1,0.0,0,0,9,26,4,0,0,0,1,2,16,8,50.0,5,Matches
180,Federico Fazio\4e358a2d,ar ARG,DF,Salernitana,34-331,1987,1.0,70,8,33,40,3,1,70,1,1,100.0,1,0,42,292,159,4,1,0,1,1,47,43,91.5,0,Matches
181,Luiz Felipe\15d0c248,br BRA,DF,Lazio,24-326,1997,20.5,1514,253,849,730,34,6,1469,2,2,100.0,2,0,995,5373,2669,48,8,0,3,5,1131,1117,98.8,1,Matches
182,Alex Ferrari\d0dbca9f,it ITA,DF,Sampdoria,27-225,1994,7.8,470,65,265,207,21,1,434,2,4,50.0,2,0,259,1364,583,12,2,0,1,1,261,256,98.1,3,Matches
183,Salvador Ferrer\eb76987d,es ESP,DFMF,Spezia,24-021,1998,10.8,622,44,204,313,145,6,564,4,7,57.1,4,0,360,1742,898,37,16,2,7,7,408,369,90.4,19,Matches
184,Riccardo Fiamozzi\9f9b9269,it ITA,DF,Empoli,28-269,1993,4.3,302,9,88,159,74,3,249,2,7,28.6,4,1,173,887,489,24,10,0,3,2,179,167,93.3,7,Matches
185,Luca Fiordilino\9bb1ad91,it ITA,MF,Venezia,25-201,1996,2.3,143,15,67,67,16,2,141,1,1,100.0,1,0,100,473,223,7,2,2,0,4,94,88,93.6,0,Matches
186,Vincenzo Fiorillo\a2565f79,it ITA,GK,Salernitana,32-029,1990,2.0,34,33,34,0,0,0,22,0,0,,0,0,14,42,21,0,0,0,0,0,15,15,100.0,0,Matches
187,Alessandro Florenzi\e288d4b3,it ITA,DFFW,Milan,30-337,1991,10.0,713,26,193,383,183,15,613,5,8,62.5,6,0,429,2141,1281,59,18,4,4,1,483,443,91.7,23,Matches
188,Fernando Forestieri\d60c26fc,it ITA,FWMF,Udinese,32-027,1990,0.6,35,1,5,14,19,5,31,1,1,100.0,1,0,21,112,73,4,2,0,1,0,25,20,80.0,4,Matches
189,Francesco Forte\69e11a01,it ITA,FW,Venezia,28-286,1993,4.7,125,3,11,70,50,18,118,2,3,66.7,2,0,63,245,119,8,2,2,7,5,183,80,43.7,22,Matches
190,Davide Frattesi\2a7d27c1,it ITA,MF,Sassuolo,22-112,1999,20.3,1066,67,276,600,273,57,1048,22,39,56.4,25,2,693,3615,2178,91,31,10,33,19,857,771,90.0,63,Matches
191,Remo Freuler\98d2c2c4,ch SUI,MF,Atalanta,29-302,1992,16.0,1207,35,218,736,341,23,1175,13,27,48.1,14,0,839,4590,2257,98,38,3,15,13,909,858,94.4,33,Matches
192,Matteo Gabbia\c235e803,it ITA,DF,Milan,22-113,1999,5.1,372,43,202,178,6,3,359,0,0,,0,0,273,1173,557,8,1,0,0,1,288,285,99.0,0,Matches
193,Manolo Gabbiadini\8f866fe8,it ITA,FWMF,Sampdoria,30-077,1991,12.7,490,11,60,245,206,42,463,6,12,50.0,8,1,310,1527,715,38,10,5,26,14,532,353,66.4,58,Matches
194,Gianluca Gaetano\3b387cc7,it ITA,MF,Napoli,21-282,2000,0.2,16,0,6,7,4,0,16,0,0,,0,0,9,69,12,0,0,0,1,0,12,8,66.7,1,Matches
195,Luca Gagliano\1d00a56c,it ITA,MFDF,Cagliari,21-212,2000,0.1,9,0,0,4,5,1,9,0,0,,0,0,6,20,7,0,0,0,0,0,7,5,71.4,0,Matches
196,Roberto Gagliardini\ce30bfc8,it ITA,MF,Inter,27-310,1994,4.7,269,9,49,143,96,14,265,1,4,25.0,1,0,179,943,469,24,5,3,2,7,208,191,91.8,14,Matches
197,Riccardo Gagliolo\173061c0,se SWE,DF,Salernitana,31-289,1990,11.8,581,96,305,252,57,12,549,3,4,75.0,3,0,279,1570,827,26,8,0,0,4,295,285,96.6,6,Matches
198,Nicolas Galazzi\a796492f,it ITA,DF,Venezia,21-055,2000,0.2,12,1,2,2,9,1,10,0,0,,0,0,7,39,22,1,1,0,1,1,11,7,63.6,2,Matches
199,Pablo Galdames Millán\dd403465,cl CHI,MF,Genoa,25-043,1996,3.9,173,12,42,111,29,4,167,2,5,40.0,2,1,115,401,121,6,4,1,1,6,145,122,84.1,11,Matches
200,Luca Gemello\53e494ec,it ITA,GK,Torino,21-223,2000,1.0,37,30,37,0,0,0,32,0,0,,0,0,22,111,75,0,0,0,0,0,21,21,100.0,0,Matches
201,Paolo Ghiglione\71dc23da,it ITA,DF,Genoa,25-009,1997,6.7,445,31,136,204,126,8,365,5,12,41.7,5,0,228,988,584,28,15,1,13,6,264,233,88.3,10,Matches
202,Faouzi Ghoulam\c5adc293,dz ALG,DF,Napoli,31-010,1991,2.3,192,9,50,86,69,2,171,0,0,,0,0,122,654,337,13,5,1,0,0,140,133,95.0,3,Matches
203,Olivier Giroud\16ceb862,fr FRA,FW,Milan,35-134,1986,9.7,313,17,30,125,161,49,298,2,3,66.7,2,0,140,316,141,7,2,2,22,8,384,226,58.9,48,Matches
204,Diego Godín\fc4f85b1,uy URU,DF,Cagliari,35-360,1986,9.1,541,103,329,215,24,15,525,9,10,90.0,9,0,309,1495,722,20,2,1,2,1,338,333,98.5,2,Matches
205,Edoardo Goldaniga\4b029b31,it ITA,MFDF,Sassuolo,28-101,1993,0.0,2,1,1,1,0,0,2,0,0,,0,0,0,0,0,0,0,0,0,0,1,1,100.0,0,Matches
206,Edoardo Goldaniga\4b029b31,it ITA,DF,Cagliari,28-101,1993,3.0,136,22,69,65,6,2,128,0,0,,0,0,65,285,120,2,0,0,1,0,68,63,92.6,0,Matches
207,Cedric Gondo\ff37d2ef,ci CIV,FW,Salernitana,25-078,1996,7.8,301,9,32,123,168,57,287,9,19,47.4,9,1,222,1043,524,30,8,6,39,20,420,220,52.4,86,Matches
208,Nicolás González\2374aaca,ar ARG,FW,Fiorentina,23-311,1998,13.2,646,5,60,312,345,69,628,32,62,51.6,34,1,466,2783,1660,65,32,13,42,24,662,512,77.3,92,Matches
209,Robin Gosens\2d970560,de GER,DF,Atalanta,27-221,1994,5.1,310,10,61,147,110,21,272,1,3,33.3,1,0,176,524,347,14,4,2,4,5,233,203,87.1,18,Matches
210,Alberto Grassi\6cc97b6a,it ITA,MF,Cagliari,26-341,1995,12.0,642,41,190,405,85,16,619,7,11,63.6,8,0,397,2108,779,25,10,0,14,9,396,370,93.4,13,Matches
211,Koray Günter\f1f1f238,de GER,DF,Hellas Verona,27-179,1994,17.2,976,170,538,482,24,10,933,1,2,50.0,2,0,468,3375,1788,39,4,1,2,3,505,488,96.6,1,Matches
212,Emmanuel Gyasi\f9758dae,gh GHA,FWDF,Spezia,28-031,1994,22.2,927,54,214,441,348,63,902,22,38,57.9,23,4,703,3635,1570,76,29,14,42,44,843,635,75.3,80,Matches
213,Norbert Gyömbér\0be276c6,sk SVK,DF,Salernitana,29-223,1992,17.8,782,143,427,327,59,9,704,1,1,100.0,1,0,366,2067,759,15,2,0,5,1,402,391,97.3,2,Matches
214,Nicolas Haas\fa449bba,ch SUI,MF,Empoli,26-019,1996,11.1,601,25,142,299,186,18,592,2,5,40.0,2,0,389,1820,805,35,14,3,15,14,487,393,80.7,39,Matches
215,Samir Handanović\74419746,si SVN,GK,Inter,37-212,1984,23.0,798,758,796,2,1,1,688,0,0,,0,0,477,2004,1287,0,0,0,1,0,528,526,99.6,0,Matches
216,Ridgeciano Haps\c8d7131c,sr SUR,DF,Venezia,28-244,1993,10.0,506,45,226,217,91,3,441,6,6,100.0,6,0,281,1578,1039,44,13,1,9,2,294,267,90.8,15,Matches
217,Abdou Harroui\65fd099c,nl NED,MF,Sassuolo,24-029,1998,4.2,318,7,64,184,90,11,314,1,5,20.0,4,0,227,1196,484,28,10,2,8,7,256,225,87.9,16,Matches
218,Hans Hateboer\3b333ac3,nl NED,DF,Atalanta,28-033,1994,4.1,270,10,45,116,127,11,236,1,2,50.0,1,0,166,932,559,24,8,2,3,2,214,186,86.9,17,Matches
219,Silvan Hefti\f8342731,ch SUI,DF,Genoa,24-109,1997,4.2,203,13,67,94,51,6,161,3,11,27.3,6,2,80,410,238,12,2,2,2,5,74,66,89.2,6,Matches
220,Liam Henderson\d7918b13,sct SCO,MF,Empoli,25-292,1996,17.2,788,20,108,332,400,58,724,2,7,28.6,3,1,488,2518,1157,63,21,5,13,14,676,529,78.3,97,Matches
221,Dalbert Henrique\f45f9427,br BRA,DFMF,Cagliari,28-156,1993,12.4,581,27,154,266,195,18,485,4,12,33.3,5,0,288,1233,755,38,15,1,18,15,384,303,78.9,42,Matches
222,Matheus Henrique\a2d9f138,br BRA,MF,Sassuolo,24-054,1997,3.3,212,8,38,138,57,1,208,6,8,75.0,6,0,168,954,479,29,9,1,0,7,177,167,94.4,3,Matches
223,Thomas Henry\9ef42479,fr FRA,FW,Venezia,27-144,1994,13.1,431,26,52,252,149,44,414,9,20,45.0,9,3,266,1096,470,27,7,6,36,39,582,320,55.0,59,Matches
224,Theo Hernández\d4c9725f,fr FRA,DF,Milan,24-128,1997,18.1,1263,42,359,661,371,44,1088,28,48,58.3,30,2,872,5417,3581,118,44,14,21,19,919,841,91.5,51,Matches
225,Hernani\6f5ead86,br BRA,MFFW,Genoa,27-321,1994,6.2,264,11,52,152,76,10,250,4,7,57.1,5,1,144,668,302,15,5,1,10,14,235,165,70.2,18,Matches
226,Daan Heymans\6d70c771,be BEL,MFFW,Venezia,22-241,1999,2.8,131,9,32,64,37,6,128,2,3,66.7,2,1,69,292,122,5,0,0,7,0,106,85,80.2,11,Matches
227,Aaron Hickey\1780bb4a,sct SCO,DF,Bologna,19-246,2002,17.9,954,48,299,429,290,17,807,22,35,62.9,24,1,623,3227,1725,78,20,7,18,13,662,574,86.7,48,Matches
228,Martin Hongla\b85bf253,cm CMR,MF,Hellas Verona,23-332,1998,3.7,181,13,39,112,38,1,177,0,2,0.0,0,0,119,579,227,14,5,0,4,5,130,113,86.9,3,Matches
229,Sydney van Hooijdonk\5b418e15,nl NED,FWMF,Bologna,22-005,2000,0.4,23,0,2,11,14,1,23,1,1,100.0,1,0,15,62,1,0,0,0,3,1,29,20,69.0,3,Matches
230,Petko Hristov\d8800a46,bg BUL,DF,Spezia,22-347,1999,11.3,649,118,386,286,11,3,616,1,1,100.0,1,0,360,1701,758,19,3,0,2,3,378,374,98.9,0,Matches
231,Elseid Hysaj\2f3452eb,al ALB,DF,Lazio,27-356,1994,19.4,1377,56,434,734,285,22,1241,14,28,50.0,15,5,941,3766,1677,62,23,3,12,11,996,947,95.1,32,Matches
232,Roger Ibanez\82efe6fa,br BRA,DF,Roma,23-080,1998,22.0,1536,170,776,780,100,35,1465,9,14,64.3,9,0,1014,6313,3611,103,18,3,10,7,1032,1015,98.4,7,Matches
233,Zlatan Ibrahimović\4cde5509,se SWE,FW,Milan,40-131,1981,10.1,493,13,16,206,292,84,474,1,7,14.3,2,1,295,1225,684,39,17,4,19,6,562,401,71.4,111,Matches
234,Igor\a4e85758,br BRA,DF,Fiorentina,24-004,1998,10.5,891,88,498,446,16,4,872,3,4,75.0,4,0,623,3206,1906,31,5,0,3,5,647,642,99.2,0,Matches
235,Jonathan Ikone\42eaa028,fr FRA,FWMF,Fiorentina,23-285,1998,1.2,65,0,4,34,32,2,64,4,8,50.0,4,0,51,332,206,14,2,0,6,0,63,50,79.4,6,Matches
236,Ivan Ilić\bb376bed,rs SRB,MF,Hellas Verona,20-331,2001,16.7,1036,48,240,612,258,18,994,16,23,69.6,18,0,654,3551,1638,75,27,3,27,19,742,673,90.7,42,Matches
237,Josip Iličić\68252d6d,si SVN,FWMF,Atalanta,34-013,1988,9.2,635,4,45,263,370,63,598,17,31,54.8,17,1,501,2708,1327,86,20,22,31,16,613,508,82.9,94,Matches
238,Ciro Immobile\4431aed2,it ITA,FW,Lazio,31-356,1990,19.1,797,11,65,359,409,136,766,11,35,31.4,13,1,542,2253,1151,63,18,25,48,32,1021,656,64.3,178,Matches
239,Lorenzo Insigne\2f557579,it ITA,FW,Napoli,30-252,1991,15.0,1102,5,101,467,623,80,1013,18,47,38.3,20,1,793,4439,2743,146,46,26,26,17,981,862,87.9,114,Matches
240,Ardian Ismajli\6b635f5c,al ALB,DF,Empoli,25-134,1996,11.0,660,124,389,299,22,5,640,3,3,100.0,3,0,375,2595,1423,29,2,0,2,3,413,403,97.6,0,Matches
241,Armando Izzo\89976232,it ITA,DF,Torino,29-346,1992,1.1,56,4,20,26,14,2,54,0,0,,0,0,23,152,85,2,2,0,0,0,30,29,96.7,2,Matches
242,Mato Jajalo\8c65eb5f,ba BIH,MF,Udinese,33-262,1988,3.5,189,10,51,105,44,4,181,2,3,66.7,2,0,112,645,295,11,1,0,3,4,129,118,91.5,6,Matches
243,Paweł Jaroszyński\958a601f,pl POL,DF,Salernitana,27-132,1994,5.5,280,29,126,99,67,2,228,0,2,0.0,0,0,140,755,387,12,4,0,3,2,139,129,92.8,6,Matches
244,Juan Jesus\79083382,br BRA,DF,Napoli,30-246,1991,10.3,702,75,320,399,18,9,677,1,1,100.0,1,0,465,2590,1058,28,5,1,1,0,495,484,97.8,0,Matches
245,Dennis Johnsen\66784dee,no NOR,FWMF,Venezia,23-359,1998,12.1,369,5,49,130,223,53,368,21,48,43.8,23,4,294,1395,901,41,11,13,42,24,478,291,60.9,94,Matches
246,Kaio Jorge\0cf465f2,br BRA,MFFW,Juventus,20-018,2002,1.3,62,2,8,26,31,10,62,1,2,50.0,1,0,42,140,32,3,1,1,5,3,85,49,57.6,17,Matches
247,Flavio Junior Bianchi\3ef965c1,it ITA,FWMF,Genoa,22-018,2000,3.5,128,0,12,81,44,12,126,3,5,60.0,3,0,79,343,113,8,3,2,9,11,129,89,69.0,23,Matches
248,Hamed Junior Traorè\570bb4b9,ci CIV,MFFW,Sassuolo,21-360,2000,9.5,565,10,101,310,203,25,541,20,34,58.8,24,4,436,2842,1627,82,29,12,16,10,462,407,88.1,42,Matches
249,Nikola Kalinić\d4931a5a,hr CRO,FW,Hellas Verona,34-037,1988,4.5,175,1,6,68,104,38,164,3,7,42.9,3,0,122,288,92,8,2,4,18,20,236,144,61.0,59,Matches
250,Yayah Kallon\f95f49d2,sl SLE,FWMF,Genoa,20-226,2001,6.7,276,4,33,103,159,35,276,13,18,72.2,13,0,215,1181,676,39,5,15,22,20,298,179,60.1,45,Matches
251,Pierre Kalulu\85f7d1be,fr FRA,DF,Milan,21-251,2000,10.6,734,62,315,346,134,9,675,2,7,28.6,3,1,464,2660,1405,41,17,1,10,5,478,462,96.7,16,Matches
252,Rick Karsdorp\9f84febe,nl NED,DF,Roma,27-000,1995,20.2,1285,49,361,591,404,30,1103,7,16,43.8,9,3,804,3350,1662,76,28,5,12,4,881,825,93.6,49,Matches
253,Denso Kasius\7ae36711,nl NED,DF,Bologna,19-128,2002,0.2,20,1,5,7,11,1,18,0,0,,0,0,14,184,138,5,2,1,0,0,15,14,93.3,3,Matches
254,Grigoris Kastanos\2a82aa85,cy CYP,MF,Salernitana,24-012,1998,10.2,520,19,103,255,202,19,463,10,18,55.6,10,1,329,1666,986,43,20,4,10,15,359,310,86.4,40,Matches
255,Moise Kean\3d50bcdb,it ITA,FW,Juventus,21-348,2000,7.4,241,5,29,114,115,39,237,12,19,63.2,13,2,157,759,353,15,3,9,28,13,306,186,60.8,50,Matches
256,Wajdi Kechrida\11962fe7,tn TUN,DFMF,Salernitana,26-098,1995,10.6,424,27,118,184,155,18,377,3,5,60.0,3,1,258,1511,890,38,17,5,9,8,289,236,81.7,14,Matches
257,Dimitrios Keramitsis\6f30a1d5,gr GRE,DF,Roma,17-225,2004,0.0,0,0,0,0,0,0,0,0,0,,0,0,0,0,0,0,0,0,0,0,0,0,,0,Matches
258,Franck Kessié\05e19d6a,ci CIV,MF,Milan,25-054,1996,13.9,906,45,217,535,207,25,873,13,19,68.4,16,0,601,2956,1220,44,19,0,14,10,725,648,89.4,35,Matches
259,Jakub Kiwior\dc3e663e,pl POL,MFDF,Spezia,21-361,2000,8.8,413,48,169,231,38,5,402,5,7,71.4,5,0,207,1065,399,9,2,0,2,4,220,210,95.5,3,Matches
260,Sofian Kiyine\ce1806be,ma MAR,MFFW,Venezia,24-132,1997,10.0,501,17,117,279,173,13,466,43,60,71.7,46,0,400,2478,1405,70,25,8,16,30,375,320,85.3,23,Matches
261,Simon Kjær\8b8a56ce,dk DEN,DF,Milan,32-322,1989,8.9,552,97,280,289,17,7,534,1,1,100.0,1,0,347,1750,939,19,1,0,1,1,372,367,98.7,0,Matches
262,Aleksandr Kokorin\fec5accc,ru RUS,FWMF,Fiorentina,30-329,1991,0.6,28,0,2,17,10,2,28,1,2,50.0,1,0,19,60,8,1,0,0,5,1,41,25,61.0,5,Matches
263,Aleksandar Kolarov\eda40760,rs SRB,DF,Inter,36-093,1985,0.5,42,5,18,22,8,0,42,0,2,0.0,1,0,33,186,124,6,1,0,0,0,37,36,97.3,0,Matches
264,Teun Koopmeiners\a26fb8aa,nl NED,MF,Atalanta,23-348,1998,12.3,1030,27,213,551,326,10,958,16,23,69.6,20,1,718,3400,1606,63,21,2,18,20,768,720,93.8,35,Matches
265,Kalidou Koulibaly\da974c7b,sn SEN,DF,Napoli,30-236,1991,13.7,991,116,448,577,32,12,963,7,9,77.8,7,0,656,3353,2004,41,8,1,2,2,731,723,98.9,6,Matches
266,Christos Kourfalidis\5c522c88,gr GRE,MFDF,Cagliari,19-092,2002,0.2,15,1,2,7,8,1,15,0,0,,0,0,7,60,45,2,1,0,1,0,10,8,80.0,2,Matches
267,Viktor Kovalenko\9d60028d,ua UKR,MF,Spezia,25-362,1996,10.3,535,14,118,312,140,11,510,4,10,40.0,4,0,355,1584,780,34,14,1,9,18,417,362,86.8,26,Matches
268,Julian Kristoffersen\b804c280,no NOR,FW,Salernitana,24-277,1997,0.1,3,0,0,2,1,1,3,0,0,,0,0,0,0,0,0,0,0,0,0,4,2,50.0,0,Matches
269,Rade Krunić\817c6964,ba BIH,MFFW,Milan,28-127,1993,11.7,557,28,100,304,184,19,548,11,13,84.6,11,0,355,1542,654,28,11,1,17,7,453,380,83.9,51,Matches
270,Dejan Kulusevski\df3cda47,se SWE,FWMF,Juventus,21-292,2000,8.6,388,4,60,171,195,48,383,12,28,42.9,15,0,294,1717,987,39,15,4,23,33,380,261,68.7,73,Matches
271,Marash Kumbulla\a40819d9,al ALB,DF,Roma,22-003,2000,4.4,316,24,168,175,4,3,312,0,0,,0,0,234,1290,795,11,0,0,0,2,249,249,100.0,0,Matches
272,Giorgos Kyriakopoulos\0a483542,gr GRE,DFFW,Sassuolo,26-006,1996,10.9,800,44,239,328,295,20,720,20,35,57.1,20,3,595,3504,1892,105,25,9,11,11,623,567,91.0,33,Matches
273,Andrea La Mantia\c375dfa5,it ITA,FWMF,Empoli,30-281,1991,1.9,60,3,3,23,34,12,59,0,0,,0,0,25,51,15,1,0,0,5,5,80,46,57.5,14,Matches
274,Sam Lammers\c283ddef,nl NED,FW,Atalanta,24-287,1997,0.4,29,0,0,13,17,3,29,0,1,0.0,0,0,18,44,15,1,1,0,3,2,41,26,63.4,9,Matches
275,Kevin Lasagna\09538fdb,it ITA,FWMF,Hellas Verona,29-185,1992,8.2,297,10,31,110,172,49,284,6,10,60.0,8,0,183,1000,525,17,8,4,27,20,387,208,53.7,83,Matches
276,Darko Lazović\5128bde4,rs SRB,DF,Hellas Verona,31-149,1990,20.8,1233,43,250,514,540,92,1061,14,37,37.8,15,6,705,3822,2557,122,39,32,13,14,890,758,85.2,78,Matches
277,Manuel Lazzari\02caf6e0,it ITA,DF,Lazio,28-074,1993,9.4,620,24,155,324,198,21,533,13,24,54.2,16,4,422,2652,1746,82,28,9,14,6,445,403,90.6,28,Matches
278,Rafael Leão\20730eae,pt POR,FW,Milan,22-246,1999,15.8,679,7,51,315,401,100,670,52,79,65.8,56,2,572,4327,2864,147,49,35,40,28,702,534,76.1,89,Matches
279,Lucas Leiva\4c78b5ed,br BRA,MF,Lazio,35-033,1987,11.0,807,43,229,511,91,0,785,3,5,60.0,3,0,474,1428,672,22,3,0,5,4,589,561,95.2,3,Matches
280,Luca Lezzerini\c9c32262,it ITA,GK,Venezia,26-324,1995,4.5,180,169,179,1,0,0,129,0,0,,0,0,79,233,120,0,0,0,0,0,68,68,100.0,0,Matches
281,Ben Lhassine Kone\7452c7a8,ci CIV,MF,Torino,21-334,2000,0.9,43,2,10,28,6,0,43,0,0,,0,0,24,126,56,3,1,0,1,0,25,25,100.0,0,Matches
282,Matthijs de Ligt\d6e53a3a,nl NED,DF,Juventus,22-183,1999,18.3,1252,202,613,657,74,27,1223,1,3,33.3,2,0,835,4304,1990,58,13,0,2,0,899,891,99.1,2,Matches
283,Anderson Lima\59be3a74,br BRA,MF,Lazio,22-141,1999,0.6,38,0,11,23,7,1,38,0,0,,0,0,26,91,37,0,0,0,2,0,31,30,96.8,4,Matches
284,Karol Linetty\d023d70f,pl POL,MFFW,Torino,27-009,1995,8.4,311,3,40,137,147,29,302,3,9,33.3,4,1,201,758,406,24,7,4,26,8,310,214,69.0,33,Matches
285,Stanislav Lobotka\e1cbb531,sk SVK,MF,Napoli,27-078,1994,10.9,1065,30,210,750,176,2,1053,6,6,100.0,6,0,783,3737,1611,62,26,1,3,6,884,863,97.6,12,Matches
286,Manuel Locatelli\a8a874f1,it ITA,MF,Juventus,24-034,1998,17.5,1271,72,361,751,216,23,1229,10,13,76.9,10,1,850,3043,1373,47,20,2,11,12,956,912,95.4,20,Matches
287,Maxime Lopez\20094685,fr FRA,MF,Sassuolo,24-069,1997,21.8,1949,101,557,1246,297,14,1901,14,28,50.0,19,4,1407,8291,3808,145,44,5,13,15,1584,1529,96.5,21,Matches
288,Matteo Lovato\5fa57166,it ITA,DF,Cagliari,21-362,2000,3.5,194,29,110,87,4,1,182,2,2,100.0,2,0,102,440,165,2,0,0,2,0,101,97,96.0,0,Matches
289,Matteo Lovato\5fa57166,it ITA,DFMF,Atalanta,21-362,2000,3.4,224,19,89,128,22,3,219,1,3,33.3,1,0,157,649,364,12,1,0,2,1,160,157,98.1,1,Matches
290,Hirving Lozano\a69e4806,mx MEX,FW,Napoli,26-196,1995,12.3,606,8,94,244,314,76,599,16,29,55.2,18,0,456,2865,1800,100,19,28,22,29,605,470,77.7,91,Matches
291,José Luis Palomino\921f6058,ar ARG,DF,Atalanta,32-037,1990,18.6,1264,139,570,698,66,19,1226,2,2,100.0,2,0,700,4660,2165,60,9,0,1,6,710,700,98.6,1,Matches
292,Saša Lukić\c6e8cf1f,rs SRB,MF,Torino,25-182,1996,21.5,1359,36,228,861,359,26,1309,19,26,73.1,19,0,923,5542,2901,148,41,9,26,4,989,905,91.5,43,Matches
293,Sebastiano Luperto\997fff07,it ITA,DF,Empoli,25-158,1996,12.1,726,171,430,323,24,4,687,0,1,0.0,0,0,410,2827,1558,30,9,0,3,1,446,437,98.0,1,Matches
294,Charalambos Lykogiannis\5efc5389,gr GRE,DF,Cagliari,28-112,1993,15.6,747,75,280,315,188,13,604,10,18,55.6,11,0,369,1641,882,33,14,1,27,9,428,367,85.7,23,Matches
295,Niki Mäenpää\14a96e1c,fi FIN,GK,Venezia,37-019,1985,5.5,176,160,176,0,0,0,124,0,0,,0,0,76,398,221,0,0,0,0,0,76,76,100.0,0,Matches
296,Giulio Maggiore\957e4c87,it ITA,MF,Spezia,23-336,1998,19.6,980,32,234,566,256,41,972,15,30,50.0,18,2,664,3197,1754,64,33,6,29,28,761,659,86.6,57,Matches
297,Francesco Magnanelli\07767f42,it ITA,MF,Sassuolo,37-091,1984,1.6,142,8,38,98,13,0,134,0,0,,0,0,87,273,139,5,0,0,1,0,104,100,96.2,2,Matches
298,Giangiacomo Magnani\cce9f582,it ITA,DF,Sampdoria,26-130,1995,1.0,85,4,49,46,0,0,85,0,0,,0,0,63,424,207,2,0,0,0,0,68,67,98.5,0,Matches
299,Giangiacomo Magnani\cce9f582,it ITA,DF,Hellas Verona,26-130,1995,5.9,310,47,161,149,14,5,306,0,0,,0,0,135,783,485,5,2,0,1,1,161,158,98.1,1,Matches
300,Mike Maignan\fcb38f57,fr FRA,GK,Milan,26-223,1995,18.0,658,540,653,5,0,0,540,0,1,0.0,0,0,362,1892,1146,0,0,0,0,0,357,356,99.7,0,Matches
301,Ainsley Maitland-Niles\e3a5814e,eng ENG,DF,Roma,24-166,1997,3.3,239,12,86,100,62,4,201,2,3,66.7,3,0,142,635,350,20,4,1,4,4,151,137,90.7,10,Matches
302,Jean-Victor Makengo\22bfb57e,fr FRA,MF,Udinese,23-244,1998,15.1,551,18,120,329,155,17,544,15,24,62.5,15,1,403,2501,1282,56,22,6,13,20,437,372,85.1,23,Matches
303,Nikola Maksimović\16b9d5cf,rs SRB,DF,Genoa,30-078,1991,4.8,295,75,188,116,8,3,271,0,1,0.0,0,0,157,902,425,8,2,0,0,0,175,173,98.9,0,Matches
304,Kévin Malcuit\d6a889ea,ma MAR,DF,Napoli,30-195,1991,2.0,112,10,47,39,37,4,98,2,4,50.0,2,0,71,513,300,13,1,1,2,1,78,74,94.9,6,Matches
305,Daniel Maldini\801831fe,it ITA,MFFW,Milan,20-123,2001,1.6,64,0,10,36,27,9,62,1,2,50.0,1,0,41,328,201,9,6,1,4,0,62,44,71.0,6,Matches
306,Youssef Maleh\4c8845f7,it ITA,MF,Fiorentina,23-173,1998,5.7,304,4,42,171,113,23,300,1,6,16.7,3,1,201,999,552,22,10,3,11,5,255,221,86.7,29,Matches
307,Ruslan Malinovskyi\48d5bd33,ua UKR,FWMF,Atalanta,28-283,1993,13.0,904,3,85,420,470,45,837,26,44,59.1,27,1,667,3775,2073,100,35,9,31,45,791,672,85.0,105,Matches
308,Rey Manaj\7703afb6,al ALB,FWMF,Spezia,24-352,1997,10.7,450,10,40,259,173,35,420,8,27,29.6,10,0,308,1447,700,36,9,6,46,31,530,325,61.3,73,Matches
309,Gianluca Mancini\5aa53281,it ITA,DF,Roma,25-300,1996,21.8,1463,207,718,734,100,28,1420,1,2,50.0,2,0,988,4989,2959,86,19,1,6,1,1106,1086,98.2,4,Matches
310,Leonardo Mancuso\311027cb,it ITA,FW,Empoli,29-261,1992,4.7,119,2,10,48,68,19,110,0,0,,0,0,69,381,212,11,3,1,9,7,153,83,54.2,29,Matches
311,Rolando Mandragora\c7259b83,it ITA,MF,Torino,24-227,1997,9.3,558,13,85,329,163,14,501,5,8,62.5,5,0,320,1229,673,30,8,5,9,6,386,347,89.9,21,Matches
312,Kostas Manolas\c707411f,gr GRE,DF,Napoli,30-242,1991,3.5,250,37,101,162,3,1,243,0,0,,0,0,165,1059,576,15,1,0,0,0,200,196,98.0,0,Matches
313,Riccardo Marchizza\91d0fabf,it ITA,DF,Empoli,23-322,1998,15.0,774,49,206,360,251,19,620,10,24,41.7,12,1,447,2475,1315,64,19,1,4,16,456,413,90.6,19,Matches
314,Gian Marco Ferrari\8650af85,it ITA,DF,Sassuolo,29-361,1992,23.8,1808,302,999,861,68,24,1692,5,6,83.3,5,0,1130,5650,3547,71,17,0,11,6,1290,1258,97.5,8,Matches
315,Pablo Marí\aa54ec6f,es ESP,DF,Udinese,28-164,1993,1.0,51,8,31,18,2,0,44,0,0,,0,0,11,49,8,1,0,0,0,0,14,13,92.9,0,Matches
316,Răzvan Marin\7fac99d4,ro ROU,MF,Cagliari,25-264,1996,21.8,1104,26,221,612,348,18,989,13,22,59.1,13,1,747,4415,2184,81,29,2,27,24,804,713,88.7,43,Matches
317,Lucas Martínez Quarta\3ec3c1c9,ar ARG,DF,Fiorentina,25-277,1996,13.0,1054,137,585,520,50,20,1024,11,13,84.6,11,1,749,5387,2716,60,18,1,3,6,769,756,98.3,1,Matches
318,Lautaro Martínez\f7036e1c,ar ARG,FW,Inter,24-173,1997,14.3,498,5,38,199,284,105,482,13,31,41.9,13,2,320,1451,727,40,13,6,32,21,569,355,62.4,105,Matches
319,Adam Marušić\d4535821,me MNE,DF,Lazio,29-117,1992,17.9,1265,81,470,654,222,8,1134,9,16,56.3,9,1,856,3661,1855,71,27,1,14,15,873,838,96.0,14,Matches
320,Andrea Masiello\e0314d87,it ITA,DF,Genoa,36-006,1986,5.7,359,61,214,153,12,3,353,0,0,,0,0,225,1023,554,10,0,0,1,3,232,227,97.8,0,Matches
321,Borja Mayoral\64e8ed6d,es ESP,FWDF,Roma,24-312,1997,1.1,47,0,4,21,25,5,46,1,4,25.0,1,0,35,89,17,1,0,0,2,2,59,40,67.8,10,Matches
322,Pasquale Mazzocchi\eb0ec070,it ITA,DF,Salernitana,26-199,1995,0.9,55,2,23,17,16,1,41,1,1,100.0,1,0,23,103,50,5,0,0,0,0,28,26,92.9,0,Matches
323,Pasquale Mazzocchi\eb0ec070,it ITA,DF,Venezia,26-199,1995,13.8,755,53,311,310,206,4,636,15,33,45.5,18,3,467,2858,1796,67,25,1,19,27,454,410,90.3,19,Matches
324,Ibrahima Mbaye\cfbf9881,sn SEN,DF,Bologna,27-084,1994,0.8,43,9,16,19,8,0,38,1,2,50.0,2,1,20,66,26,1,0,0,1,1,36,27,75.0,0,Matches
325,Weston McKennie\01c3aff5,us USA,MF,Juventus,23-167,1998,13.7,692,25,152,335,240,49,655,9,17,52.9,12,1,376,1838,1069,57,18,4,22,18,564,453,80.3,79,Matches
326,Gary Medel\563a68ad,cl CHI,DF,Bologna,34-192,1987,20.0,1260,237,727,581,14,0,1185,6,7,85.7,6,0,805,4308,2112,38,4,0,0,4,818,815,99.6,2,Matches
327,Filippo Melegoni\6604165d,it ITA,MFFW,Genoa,22-358,1999,3.2,152,4,39,71,56,4,145,2,6,33.3,2,0,105,506,293,12,7,0,7,1,142,103,72.5,13,Matches
328,Arthur Melo\48b3dd60,br BRA,MF,Juventus,25-183,1996,4.8,362,18,102,245,44,2,349,2,3,66.7,3,0,277,1550,591,24,3,0,3,1,274,267,97.4,5,Matches
329,Alex Meret\9413b19f,it ITA,GK,Napoli,24-326,1997,4.0,94,80,93,0,1,0,74,0,0,,0,0,44,174,87,0,0,0,0,0,52,52,100.0,0,Matches
330,Yıldırım Mert Çetin\c730da00,tr TUR,DF,Hellas Verona,25-041,1997,0.5,44,4,11,19,16,0,33,0,1,0.0,0,0,19,93,39,2,1,0,1,1,25,22,88.0,1,Matches
331,Dries Mertens\89b2c8a9,be BEL,FWMF,Napoli,34-281,1987,8.5,378,5,34,144,214,64,362,6,11,54.5,7,1,238,1065,619,41,9,12,12,6,406,297,73.2,56,Matches
332,Junior Messias\f49c4ae9,br BRA,FWMF,Milan,30-274,1991,7.9,409,17,54,167,224,40,398,16,28,57.1,18,2,287,1624,1187,63,17,14,18,23,355,279,78.6,50,Matches
333,Kingsley Michael\e63e122d,ng NGA,MF,Bologna,22-169,1999,0.8,37,2,15,21,4,0,37,0,0,,0,0,24,129,37,1,0,0,0,0,25,23,92.0,0,Matches
334,Valentin Mihaila\81a4c239,ro ROU,MF,Atalanta,22-009,2000,0.2,13,0,0,6,7,3,13,0,1,0.0,0,1,10,79,62,3,0,3,1,1,14,11,78.6,2,Matches
335,Mikael\33502726,br BRA,FW,Salernitana,22-259,1999,0.2,3,0,0,1,2,0,3,0,0,,0,0,0,0,0,0,0,0,1,0,7,2,28.6,1,Matches
336,Nikola Milenković\bee704fc,rs SRB,DF,Fiorentina,24-122,1997,19.3,1456,165,759,743,54,18,1411,1,2,50.0,2,0,940,4604,2505,58,7,0,8,4,1028,1009,98.2,4,Matches
337,Sergej Milinković-Savić\4e6dbac4,rs SRB,MF,Lazio,26-349,1995,20.6,1640,51,289,934,504,73,1613,20,36,55.6,21,0,1093,4489,1996,99,33,2,40,39,1513,1313,86.8,116,Matches
338,Vanja Milinković-Savić\9fa26bc2,rs SRB,GK,Torino,24-356,1997,22.0,861,661,855,8,1,1,639,2,2,100.0,2,0,479,2954,1696,0,0,0,0,0,452,451,99.8,0,Matches
339,Aleksei Miranchuk\a9aa0d1d,ru RUS,MFFW,Atalanta,26-117,1995,5.2,304,5,34,135,154,21,296,7,16,43.8,7,0,225,1123,557,31,5,4,15,11,296,232,78.4,42,Matches
340,Henrikh Mkhitaryan\dd0daf32,am ARM,MFFW,Roma,33-021,1989,20.2,1075,24,184,583,411,54,1049,21,39,53.8,25,4,737,4233,2441,109,40,11,29,29,854,743,87.0,104,Matches
341,Marco Modolo\fdcdb521,it ITA,DFFW,Venezia,32-325,1989,2.4,92,34,65,27,3,1,91,0,0,,0,0,43,172,58,0,0,0,0,2,46,46,100.0,0,Matches
342,Nahuel Molina\23610943,ar ARG,DFMF,Udinese,24-071,1997,16.4,796,33,234,331,278,23,681,16,26,61.5,18,1,457,2506,1676,69,22,5,12,12,525,460,87.6,33,Matches
343,Cristian Molinaro\1c8c5aed,it ITA,DF,Venezia,38-196,1983,6.1,393,33,160,177,83,1,334,9,9,100.0,9,0,213,1291,873,25,11,1,2,4,230,221,96.1,4,Matches
344,Lorenzo Montipò\c1d95617,it ITA,GK,Hellas Verona,25-356,1996,21.0,660,572,659,1,0,0,478,0,0,,0,0,291,1795,969,0,0,0,0,0,277,277,100.0,0,Matches
345,Álvaro Morata\129af0db,es ESP,FW,Juventus,29-111,1992,16.8,650,16,74,317,307,92,638,13,24,54.2,17,4,450,2480,1532,70,27,20,50,38,762,496,65.1,130,Matches
346,Raúl Moro\919dd4b1,es ESP,FW,Lazio,19-068,2002,2.1,101,0,13,49,50,8,98,4,8,50.0,4,0,82,573,381,16,6,2,4,5,103,80,77.7,8,Matches
347,Andrei Motoc\b64073a0,ro ROU,DF,Salernitana,20-041,2002,1.0,36,6,24,13,1,0,36,0,0,,0,0,20,110,59,0,0,0,0,0,21,20,95.2,0,Matches
348,Lys Mousset\d9cfca3d,fr FRA,FW,Salernitana,26-003,1996,0.5,13,1,1,11,1,0,10,0,1,0.0,0,0,7,24,11,1,0,0,0,0,19,7,36.8,0,Matches
349,Samuel Mráz\be6c1ccc,sk SVK,FW,Spezia,24-274,1997,0.6,14,0,1,9,4,0,12,0,0,,0,0,5,29,11,1,0,0,0,0,30,7,23.3,1,Matches
350,Mert Müldür\1295552e,tr TUR,DFFW,Sassuolo,22-314,1999,10.2,630,32,190,352,127,6,551,7,10,70.0,8,2,389,1780,1266,48,17,3,11,8,443,404,91.2,11,Matches
351,Luis Muriel\eb2fe5b6,co COL,FW,Atalanta,30-301,1991,8.2,487,3,24,196,296,75,452,21,39,53.8,23,1,353,1755,911,60,11,19,28,26,550,371,67.5,111,Matches
352,Vedat Muriqi\0cadc46d,xk KVX,FW,Lazio,27-293,1994,2.4,103,1,13,44,48,10,99,1,4,25.0,1,0,58,223,31,2,1,0,8,4,120,85,70.8,31,Matches
353,Nicola Murru\d183e9d6,it ITA,DF,Sampdoria,27-057,1994,4.9,268,18,79,134,68,9,219,0,2,0.0,0,0,158,696,448,19,4,1,1,6,166,150,90.4,12,Matches
354,Juan Musso\a111cf41,ar ARG,GK,Atalanta,27-281,1994,20.6,662,566,658,8,0,0,480,1,1,100.0,1,0,336,1578,765,0,0,0,0,0,299,297,99.3,0,Matches
355,Joakim Mæhle\c459a650,dk DEN,DF,Atalanta,24-267,1997,13.5,889,23,200,406,345,40,780,11,32,34.4,13,1,611,3048,1914,78,29,8,19,19,630,567,90.0,52,Matches
356,Nahitan Nández\95facda1,uy URU,MFDF,Cagliari,26-045,1995,14.9,735,18,129,372,294,42,702,19,35,54.3,23,1,539,3836,2296,103,35,19,33,27,691,528,76.4,59,Matches
357,Nani\15e9c7e6,pt POR,FWMF,Venezia,35-086,1986,1.0,41,0,5,23,14,1,38,1,3,33.3,2,0,30,190,70,4,1,0,2,2,45,34,75.6,5,Matches
358,Matija Nastasić\f35430a4,rs SRB,DF,Fiorentina,28-320,1993,2.4,175,27,91,88,2,1,173,0,0,,0,0,117,351,131,3,0,0,0,0,130,128,98.5,0,Matches
359,Ilija Nestorovski\b1236c63,mk MKD,FW,Udinese,31-336,1990,0.1,16,0,0,8,8,2,13,0,0,,0,0,8,10,3,0,0,0,1,0,13,13,100.0,4,Matches
360,Aurélien Nguiamba\de135234,fr FRA,MF,Spezia,23-024,1999,0.3,14,0,3,10,1,0,14,2,2,100.0,2,0,10,18,8,0,0,0,0,0,7,7,100.0,1,Matches
361,Dimitris Nikolaou\cf961d8d,gr GRE,DF,Spezia,23-182,1998,22.0,1294,200,723,622,49,4,1244,7,9,77.8,7,0,828,5287,2768,67,13,1,9,10,817,805,98.5,2,Matches
362,Jean-Pierre Nsame\12e6d21a,cm CMR,MFFW,Venezia,28-286,1993,0.1,3,0,0,2,1,0,3,0,0,,0,0,1,0,0,0,0,0,1,0,5,3,60.0,0,Matches
363,Bram Nuytinck\e33f36d5,nl NED,DF,Udinese,31-283,1990,19.3,936,229,633,326,20,14,897,0,0,,0,0,480,2338,1132,23,1,0,1,3,554,547,98.7,2,Matches
364,Simeon Nwankwo\80dbbd10,ng NGA,FW,Salernitana,29-280,1992,9.4,303,11,31,142,141,45,295,6,8,75.0,6,1,200,547,218,12,5,2,31,23,459,229,49.9,62,Matches
365,M'Bala Nzola\a4948e67,ao ANG,FW,Spezia,25-177,1996,10.2,353,11,27,164,184,54,336,8,15,53.3,9,0,239,1497,661,27,14,7,41,25,495,271,54.7,68,Matches
366,Adam Obert\aa25ce92,sk SVK,DFMF,Cagliari,19-172,2002,2.3,99,21,62,34,9,0,94,6,6,100.0,6,1,70,302,96,3,1,0,1,3,69,63,91.3,0,Matches
367,Joel Obi\614c38fb,ng NGA,MF,Salernitana,30-265,1991,11.8,427,17,102,217,131,29,414,4,6,66.7,4,0,246,975,426,15,6,1,18,14,330,255,77.3,40,Matches
368,Álvaro Odriozola\1d1691ad,es ESP,DF,Fiorentina,26-059,1995,13.7,867,59,272,384,281,42,760,8,23,34.8,9,3,592,4121,2047,95,35,17,13,10,642,574,89.4,55,Matches
369,Stefano Okaka\601ef102,it ITA,FW,Udinese,32-186,1989,0.2,10,1,1,6,4,2,10,0,0,,0,0,5,54,45,2,1,0,1,0,12,5,41.7,3,Matches
370,David Okereke\d125f22f,ng NGA,FWMF,Venezia,24-166,1997,13.6,449,11,62,205,220,58,442,20,39,51.3,24,1,332,1876,1051,49,18,14,28,23,570,318,55.8,96,Matches
371,Christian Oliva\d3b888e3,uy URU,MF,Cagliari,25-255,1996,0.5,34,2,13,19,6,0,33,0,0,,0,0,25,185,111,5,1,0,0,0,21,21,100.0,0,Matches
372,Sérgio Oliveira\947e036f,pt POR,MF,Roma,29-254,1992,2.6,176,9,42,96,52,6,159,1,2,50.0,1,0,105,539,317,19,5,1,2,6,119,113,95.0,7,Matches
373,Riccardo Orsolini\e14ec482,it ITA,FWDF,Bologna,25-018,1997,9.9,501,8,71,247,213,27,457,13,26,50.0,13,1,349,1834,978,49,12,6,19,8,475,367,77.3,47,Matches
374,Victor Osimhen\8c90fd7a,ng NGA,FW,Napoli,23-044,1998,10.9,334,12,19,127,211,81,332,10,21,47.6,11,0,224,1601,865,48,16,8,32,19,476,260,54.6,94,Matches
375,David Ospina\82b1198a,co COL,GK,Napoli,33-164,1988,20.0,625,559,620,7,0,0,497,0,0,,0,0,339,1663,981,0,0,0,0,0,328,326,99.4,0,Matches
376,Adam Ounas\ed90babd,dz ALG,MFFW,Napoli,25-092,1996,2.8,213,2,22,87,125,18,206,12,17,70.6,13,2,185,1153,721,35,10,9,9,12,201,176,87.6,29,Matches
377,Daniele Padelli\cf1c23d8,it ITA,GK,Udinese,36-109,1985,2.0,81,77,81,0,0,0,66,0,0,,0,0,51,205,112,0,0,0,0,0,45,45,100.0,0,Matches
378,Goran Pandev\d711d04f,mk MKD,FWMF,Genoa,38-199,1983,9.4,361,1,32,185,156,31,350,9,19,47.4,10,3,281,966,335,18,4,4,30,22,444,287,64.6,81,Matches
379,Ivor Pandur\457cb02f,hr CRO,GK,Hellas Verona,21-323,2000,3.0,76,72,76,0,0,0,59,0,0,,0,0,38,111,36,0,0,0,0,0,35,35,100.0,0,Matches
380,Fabiano Parisi\0967845b,it ITA,DF,Empoli,21-094,2000,7.1,460,34,157,230,128,13,399,12,27,44.4,14,0,325,2146,1429,56,28,3,11,10,272,260,95.6,12,Matches
381,Mario Pašalić\e599253a,hr CRO,MFFW,Atalanta,27-002,1995,14.1,852,24,133,471,301,67,839,14,25,56.0,16,2,589,2707,1164,68,20,9,36,21,776,641,82.6,96,Matches
382,Patric\f7223718,es ESP,DF,Lazio,28-300,1993,8.4,765,104,397,390,13,6,750,2,2,100.0,2,0,551,2345,978,13,0,0,4,0,604,602,99.7,1,Matches
383,Rui Patrício\79b0d6a0,pt POR,GK,Roma,33-361,1988,24.0,702,633,700,3,0,0,485,0,0,,0,0,288,1385,565,0,0,0,1,0,298,297,99.7,0,Matches
384,Leonardo Pavoletti\d37b0350,it ITA,FW,Cagliari,33-077,1988,10.0,382,13,49,194,144,55,378,2,3,66.7,3,0,154,399,57,2,0,2,25,2,524,283,54.0,59,Matches
385,Pedro\3ca7254a,es ESP,FW,Lazio,34-198,1987,18.7,994,16,138,518,432,74,971,23,43,53.5,24,2,793,4848,2919,154,64,14,38,24,957,784,81.9,92,Matches
386,João Pedro\81255c03,br BRA,FW,Cagliari,29-339,1992,23.0,739,21,70,370,339,99,693,17,36,47.2,19,2,463,2710,1284,67,21,7,50,37,958,522,54.5,135,Matches
387,Gianluca Pegolo\f058ed1f,it ITA,GK,Sassuolo,40-323,1981,1.0,36,31,36,0,0,0,25,0,0,,0,0,18,87,41,0,0,0,0,0,19,19,100.0,0,Matches
388,Pietro Pellegri\a44d3a3c,it ITA,FW,Milan,20-331,2001,1.5,37,1,5,10,25,5,36,0,3,0.0,0,0,24,113,45,3,1,0,3,2,53,19,35.8,6,Matches
389,Pietro Pellegri\a44d3a3c,it ITA,FW,Torino,20-331,2001,0.2,8,1,1,4,4,0,8,0,0,,0,0,5,31,7,1,0,0,1,0,11,6,54.5,3,Matches
390,Lorenzo Pellegrini\4a5a45c7,it ITA,MF,Roma,25-237,1996,13.8,833,14,92,416,388,63,735,23,49,46.9,24,1,555,3297,1595,91,25,12,26,22,717,586,81.7,104,Matches
391,Luca Pellegrini\3b61c9ec,it ITA,DF,Juventus,22-341,1999,5.6,403,20,134,172,115,1,348,5,10,50.0,5,2,261,999,551,25,6,1,2,7,284,265,93.3,9,Matches
392,Gastón Pereiro\7ec7738e,uy URU,FWMF,Cagliari,26-245,1995,5.4,200,4,26,97,92,12,179,4,8,50.0,5,1,135,977,616,35,11,3,12,5,209,137,65.6,19,Matches
393,Dor Peretz\e2a302a8,il ISR,MF,Venezia,26-270,1995,3.7,183,14,60,109,22,4,179,2,6,33.3,2,0,110,443,234,8,2,0,2,2,134,122,91.0,2,Matches
394,Roberto Pereyra\75f2c59f,ar ARG,MFFW,Udinese,31-035,1991,11.3,538,14,86,289,215,36,518,13,27,48.1,13,1,408,2666,1454,69,24,8,24,17,493,397,80.5,40,Matches
395,Carles Pérez\a8f21b9f,es ESP,MFFW,Roma,23-360,1998,3.6,191,0,21,68,122,21,175,7,14,50.0,7,1,143,901,548,36,16,6,7,7,173,137,79.2,25,Matches
396,Nehuén Pérez\f7c491f1,ar ARG,DF,Udinese,21-232,2000,7.3,380,50,191,166,38,7,325,3,8,37.5,4,1,172,921,483,17,2,0,3,2,174,167,96.0,0,Matches
397,Mattia Perin\4c62d0c8,it ITA,GK,Juventus,29-093,1992,3.0,88,79,88,0,0,0,60,0,0,,0,0,41,127,61,0,0,0,0,0,41,41,100.0,0,Matches
398,Ivan Perišić\6fe90922,hr CRO,DF,Inter,33-009,1989,18.8,1061,49,242,398,494,85,944,17,27,63.0,18,0,628,3828,2512,114,38,20,16,13,802,679,84.7,76,Matches
399,Diego Perotti\a40d5a0c,ar ARG,FW,Salernitana,33-200,1988,0.3,26,0,1,11,16,1,23,0,1,0.0,0,0,17,114,49,3,2,0,0,4,22,19,86.4,0,Matches
400,Mario Perrone\6cd33e2a,it ITA,DF,Salernitana,19-005,2003,0.2,10,1,5,5,1,0,8,0,0,,0,0,7,14,7,1,0,0,0,0,8,7,87.5,0,Matches
401,Matteo Pessina\780e3631,it ITA,MFFW,Atalanta,24-296,1997,9.4,603,12,93,355,196,39,592,11,17,64.7,11,3,429,2244,1045,54,18,4,15,12,522,433,83.0,50,Matches
402,Andrea Petagna\03f946ed,it ITA,FW,Napoli,26-226,1995,5.0,181,3,17,95,85,27,175,10,16,62.5,10,0,137,914,357,17,8,6,12,12,240,149,62.1,45,Matches
403,Giuseppe Pezzella\149c5f5d,it ITA,DF,Atalanta,24-074,1997,8.4,573,15,129,286,202,22,497,5,15,33.3,5,1,358,2018,1085,54,14,7,16,9,406,368,90.6,23,Matches
404,Krzysztof Piątek\17f3620a,pl POL,FW,Fiorentina,26-225,1995,0.9,24,1,3,13,8,4,21,0,0,,0,0,13,39,11,1,0,0,2,1,31,12,38.7,6,Matches
405,Roberto Piccoli\1cadaf34,it ITA,FW,Genoa,21-015,2001,0.4,13,1,2,9,3,0,13,1,1,100.0,1,0,9,37,13,1,0,0,2,1,16,9,56.3,2,Matches
406,Roberto Piccoli\1cadaf34,it ITA,FW,Atalanta,21-015,2001,2.2,77,1,6,31,41,12,75,0,3,0.0,0,0,49,129,37,4,0,3,4,11,106,56,52.8,20,Matches
407,Andrea Pinamonti\08aa9cd1,it ITA,FW,Empoli,22-268,1999,18.9,632,20,40,248,374,126,610,7,21,33.3,8,1,372,1761,717,50,15,15,40,31,835,473,56.6,165,Matches
408,Marko Pjaca\2c38b327,hr CRO,FWMF,Torino,26-281,1995,7.6,343,7,24,154,189,41,339,15,29,51.7,15,1,269,1375,915,52,13,16,19,21,333,262,78.7,52,Matches
409,Tommaso Pobega\55a1cac2,it ITA,MF,Torino,22-211,1999,14.0,829,31,146,505,233,32,821,8,11,72.7,8,1,491,2444,1191,48,23,5,12,11,634,555,87.5,19,Matches
410,Suf Podgoreanu\d697a2d0,il ISR,FW,Spezia,20-022,2002,1.3,71,3,9,29,43,3,69,3,4,75.0,3,0,50,342,176,11,4,2,0,5,61,52,85.2,7,Matches
411,Matteo Politano\5e861944,it ITA,FW,Napoli,28-192,1993,12.5,724,8,84,217,459,78,676,16,29,55.2,17,0,537,3248,1955,140,17,32,15,22,656,556,84.8,72,Matches
412,Manolo Portanova\c8c0dccd,it ITA,MF,Genoa,21-254,2000,6.3,246,9,54,123,83,15,225,9,19,47.4,10,2,131,598,407,17,2,2,15,11,176,122,69.3,16,Matches
413,Dennis Praet\86695068,be BEL,MFFW,Torino,27-273,1994,11.8,517,7,58,209,284,51,505,11,23,47.8,11,0,339,1610,784,48,15,12,19,11,497,368,74.0,68,Matches
414,Mateusz Praszelik\ec6773f5,pl POL,MF,Hellas Verona,21-138,2000,0.1,8,0,0,5,5,1,8,1,1,100.0,1,0,7,33,29,2,2,0,1,0,8,7,87.5,1,Matches
415,Ivan Provedel\277da414,it ITA,GK,Spezia,27-331,1994,17.0,738,632,736,10,1,0,551,0,0,,0,0,364,1864,1031,0,1,0,0,0,363,363,100.0,0,Matches
416,Erick Pulgar\4611e028,cl CHI,MF,Fiorentina,28-027,1994,3.8,266,6,55,183,43,0,240,3,3,100.0,3,0,176,859,362,18,5,0,3,2,182,178,97.8,1,Matches
417,Ignacio Pussetto\62437b4f,ar ARG,FWMF,Udinese,26-052,1995,9.3,363,8,30,170,190,49,343,15,35,42.9,22,1,234,1150,612,32,10,4,31,19,373,243,65.1,47,Matches
418,Niklas Pyyhtiä\88f53b75,fi FIN,MF,Bologna,18-139,2003,0.2,25,0,3,18,8,0,24,1,1,100.0,1,0,19,90,73,4,2,0,0,0,22,18,81.8,0,Matches
419,Fabio Quagliarella\ee4f2f3b,it ITA,FW,Sampdoria,39-011,1983,12.7,446,10,31,207,229,50,417,8,14,57.1,10,1,288,1137,463,30,13,3,30,16,568,335,59.0,115,Matches
420,Adrien Rabiot\8794e251,fr FRA,MF,Juventus,26-314,1995,13.0,724,45,203,387,188,32,710,15,21,71.4,16,0,470,3114,1450,55,20,6,13,21,560,484,86.4,33,Matches
421,Ivan Radovanović\023937a9,rs SRB,MF,Salernitana,33-166,1988,1.0,74,7,21,45,12,1,71,0,0,,0,0,41,322,117,5,0,0,0,1,53,51,96.2,0,Matches
422,Ștefan Radu\53de807a,ro ROU,DF,Lazio,35-112,1986,3.5,197,20,87,97,22,2,184,2,2,100.0,2,0,129,687,267,8,1,0,0,2,141,136,96.5,1,Matches
423,Boris Radunović\0dfce079,rs SRB,GK,Cagliari,25-261,1996,3.0,107,100,107,0,0,0,70,0,0,,0,0,42,178,91,0,0,0,0,0,39,39,100.0,0,Matches
424,Aaron Ramsey\ef619b0b,wls WAL,MF,Juventus,31-047,1990,1.1,69,2,18,41,11,2,66,0,0,,0,0,47,155,62,2,1,0,1,1,61,59,96.7,2,Matches
425,Luca Ranieri\8c63fae5,it ITA,DF,Salernitana,22-294,1999,17.0,842,60,223,424,229,14,706,17,26,65.4,18,5,443,1917,1201,55,16,1,9,10,539,481,89.2,28,Matches
426,Andrea Ranocchia\539230cf,it ITA,DF,Inter,33-360,1988,2.3,134,21,68,71,4,2,127,0,0,,0,0,92,481,258,5,1,0,0,0,97,96,99.0,0,Matches
427,Giacomo Raspadori\6e058f06,it ITA,FWMF,Sassuolo,21-358,2000,18.9,896,9,129,419,410,88,841,18,38,47.4,23,1,648,3226,1299,74,21,16,50,49,831,647,77.9,165,Matches
428,Ante Rebić\536cebe5,hr CRO,FW,Milan,28-143,1993,6.1,274,7,12,108,168,53,269,11,20,55.0,11,0,189,1092,649,34,9,10,16,16,287,198,69.0,57,Matches
429,Arkadiusz Reca\6213fd82,pl POL,DF,Spezia,26-239,1995,10.1,547,39,209,225,147,11,456,7,12,58.3,8,0,293,1911,1127,49,16,6,20,7,334,294,88.0,16,Matches
430,Pepe Reina\e358587b,es ESP,GK,Lazio,39-164,1982,15.0,555,514,553,1,1,0,427,0,0,,0,0,304,1585,985,0,0,0,0,1,313,310,99.0,0,Matches
431,Panagiotis Retsos\4bd00a50,gr GRE,DF,Hellas Verona,23-186,1998,0.2,16,0,3,7,8,1,16,0,0,,0,0,10,85,42,1,2,0,0,0,11,11,100.0,0,Matches
432,Bryan Reynolds\2306bf5c,us USA,DF,Roma,20-228,2001,0.0,4,0,2,1,1,0,3,0,0,,0,0,2,1,0,0,0,0,1,0,2,2,100.0,1,Matches
433,Franck Ribéry\f61c7c4e,fr FRA,MFFW,Salernitana,38-310,1983,11.7,618,2,56,330,305,53,574,17,39,43.6,20,1,479,3027,1854,84,35,22,35,50,596,465,78.0,69,Matches
434,Samuele Ricci\9823be92,it ITA,MF,Empoli,20-174,2001,17.0,1098,69,352,677,168,4,1068,10,14,71.4,12,0,721,4438,2258,72,17,1,3,18,782,757,96.8,19,Matches
435,Tomás Rincón\f1cfc209,ve VEN,MFFW,Torino,34-029,1988,1.8,110,5,25,64,26,1,106,2,2,100.0,2,0,64,323,184,7,0,1,1,2,77,70,90.9,1,Matches
436,Tomás Rincón\f1cfc209,ve VEN,MF,Sampdoria,34-029,1988,3.3,186,6,69,105,26,1,182,3,4,75.0,3,0,127,573,331,11,3,1,1,2,132,124,93.9,6,Matches
437,Ricardo Rodríguez\7f78ad23,ch SUI,DF,Torino,29-170,1992,15.4,920,53,328,539,138,6,867,2,3,66.7,2,0,614,3816,2194,82,30,1,4,2,614,607,98.9,6,Matches
438,Rogério\10e7f486,br BRA,DF,Sassuolo,24-029,1998,16.2,1161,69,374,549,314,15,1025,8,16,50.0,10,2,779,4317,2394,107,38,4,14,18,806,770,95.5,33,Matches
439,Alessio Romagnoli\3ead85f9,it ITA,DF,Milan,27-030,1995,12.5,884,101,420,471,37,14,848,2,2,100.0,2,0,566,2751,1146,31,4,0,1,1,632,608,96.2,4,Matches
440,Simone Romagnoli\09899de8,it ITA,DF,Empoli,32-002,1990,8.8,520,107,291,242,26,8,491,1,1,100.0,1,0,288,2271,1203,14,5,0,0,0,315,311,98.7,0,Matches
441,Luka Romero\ca6edaa0,ar ARG,FW,Lazio,17-085,2004,0.2,14,0,0,8,8,0,14,0,0,,0,0,13,117,53,4,1,0,0,0,14,11,78.6,2,Matches
442,Sergio Romero\1e26e376,ar ARG,GK,Venezia,34-354,1987,13.0,540,496,537,5,0,0,384,0,0,,0,0,238,1035,657,0,0,0,0,0,222,221,99.5,0,Matches
443,Cristiano Ronaldo\dea698d9,pt POR,FW,Juventus,37-006,1985,0.3,17,0,2,9,8,2,16,0,0,,0,0,12,73,33,2,2,0,0,2,14,12,85.7,3,Matches
444,Marten de Roon\2a1beb34,nl NED,MFDF,Atalanta,30-319,1991,15.3,1019,43,298,598,191,7,985,1,5,20.0,1,0,634,2882,1468,57,16,0,5,4,679,647,95.3,4,Matches
445,Francesco Rossi\7b5f516f,it ITA,GK,Atalanta,30-290,1991,0.4,17,17,17,0,0,0,12,0,0,,0,0,11,58,19,0,0,0,0,0,10,10,100.0,0,Matches
446,Nicolò Rovella\e58cbfd5,it ITA,MF,Genoa,20-069,2001,14.6,999,34,227,572,265,8,871,16,26,61.5,17,1,647,3605,1750,64,19,2,10,14,680,615,90.4,25,Matches
447,Amir Rrahmani\4b3e1a38,xk KVX,DF,Napoli,27-352,1994,20.5,1455,204,711,764,59,17,1398,2,3,66.7,2,0,958,4442,2381,66,8,0,3,5,1068,1058,99.1,1,Matches
448,Ruan\a378a02a,br BRA,DF,Sassuolo,22-249,1999,0.0,3,0,2,1,0,0,3,0,0,,0,0,1,1,1,0,0,0,0,0,3,2,66.7,0,Matches
449,Daniele Rugani\14b8fcdf,it ITA,DF,Juventus,27-197,1994,5.2,351,61,176,186,8,4,341,0,0,,0,0,236,971,461,6,0,0,0,0,259,258,99.6,0,Matches
450,Matteo Ruggeri\ae9898c5,it ITA,DF,Salernitana,19-215,2002,2.8,113,21,45,38,36,5,99,0,1,0.0,0,0,53,332,166,3,4,0,1,3,59,52,88.1,2,Matches
451,Mário Rui\0b5a292a,pt POR,DF,Napoli,30-260,1991,20.6,1798,67,494,909,500,38,1595,10,13,76.9,10,1,1209,5404,3316,129,31,4,10,17,1370,1317,96.1,50,Matches
452,Fabián Ruiz Peña\c0c7ff58,es ESP,MF,Napoli,25-314,1996,17.0,1600,49,318,945,454,22,1575,6,9,66.7,6,1,1124,5070,2789,121,50,5,10,11,1375,1307,95.1,63,Matches
453,Alessandro Russo\7152082d,it ITA,MF,Salernitana,18-158,2003,0.3,8,1,3,5,2,1,8,0,0,,0,0,5,64,53,2,1,0,0,0,6,3,50.0,1,Matches
454,Stefano Sabelli\0ccac09c,it ITA,DF,Genoa,29-029,1993,3.9,210,15,74,80,68,5,180,2,2,100.0,2,1,109,579,371,21,4,1,11,5,134,115,85.8,6,Matches
455,Alexis Saelemaekers\ee251371,be BEL,FW,Milan,22-229,1999,15.5,884,13,104,419,438,50,871,37,61,60.7,39,8,672,3712,1952,117,37,10,32,24,785,656,83.6,98,Matches
456,Jacopo Sala\da5a981b,it ITA,MF,Spezia,30-068,1991,8.1,501,22,154,293,74,3,481,5,7,71.4,5,0,322,1326,586,18,7,0,2,9,345,322,93.3,6,Matches
457,Eddie Salcedo\0489bb30,it ITA,MFFW,Spezia,20-133,2001,4.5,190,7,25,88,95,19,183,3,8,37.5,4,0,129,554,249,15,8,1,6,10,176,135,76.7,25,Matches
458,Lazar Samardzic\217c93a1,de GER,MFFW,Udinese,19-352,2002,1.8,132,2,13,65,61,6,112,6,13,46.2,8,1,88,485,261,12,1,2,3,4,94,78,83.0,5,Matches
459,Luigi Samele\548fea2f,it ITA,FW,Sassuolo,19-308,2002,0.0,3,1,2,0,1,0,3,0,0,,0,0,1,0,0,0,0,0,0,1,1,1,100.0,1,Matches
460,Antonio Sanabria\0a447501,py PAR,FW,Torino,25-344,1996,16.8,631,12,37,290,342,88,613,10,19,52.6,10,0,406,1646,444,25,13,6,72,35,926,505,54.5,131,Matches
461,Alexis Sánchez\2c0f8e9e,cl CHI,FW,Inter,33-054,1988,6.3,362,2,28,175,189,35,348,12,18,66.7,13,0,292,1440,619,41,16,8,6,21,396,294,74.2,59,Matches
462,Alex Sandro\0d82903c,br BRA,DF,Juventus,31-016,1991,13.9,976,58,314,474,272,34,872,6,14,42.9,6,3,632,3813,2195,94,31,10,11,19,685,644,94.0,30,Matches
463,Nicola Sansone\7eb97a8e,it ITA,FWMF,Bologna,30-154,1991,7.3,335,3,45,146,167,16,299,6,23,26.1,10,0,240,1198,645,36,8,2,10,13,335,233,69.6,38,Matches
464,Federico Santander\df85d472,py PAR,FWDF,Bologna,30-252,1991,0.7,50,1,3,23,25,4,48,1,2,50.0,1,0,34,153,52,3,0,0,3,3,52,41,78.8,7,Matches
465,Samir Santos\92b4758e,br BRA,DF,Udinese,27-068,1994,16.8,880,114,439,416,71,13,819,5,6,83.3,5,0,478,2123,1155,33,6,0,7,5,505,488,96.6,5,Matches
466,Riccardo Saponara\3bb7af3b,it ITA,FW,Fiorentina,30-052,1991,8.6,450,4,68,216,217,52,447,9,28,32.1,11,1,372,2534,1669,98,31,20,13,17,433,362,83.6,47,Matches
467,Martin Satriano\86383d0e,it ITA,FWMF,Inter,20-356,2001,0.4,15,0,2,6,8,2,15,0,1,0.0,0,0,6,29,0,0,0,0,2,1,19,9,47.4,5,Matches
468,Giorgio Scalvini\1e9aa637,it ITA,DFMF,Atalanta,18-062,2003,1.7,97,2,40,48,14,5,95,1,1,100.0,1,0,56,225,117,6,1,0,1,1,67,61,91.0,3,Matches
469,Gianluca Scamacca\8790f988,it ITA,FW,Sassuolo,23-041,1999,13.5,479,10,32,255,207,68,441,10,19,52.6,12,0,274,1119,426,25,8,5,38,27,604,356,58.9,107,Matches
470,Andrea Schiavone\4b55eb4d,it ITA,MF,Salernitana,28-353,1993,6.3,308,21,82,177,67,11,272,1,1,100.0,1,0,162,813,348,18,5,1,7,2,185,166,89.7,9,Matches
471,David Schnegg\1c341b14,at AUT,DF,Venezia,23-135,1998,1.6,115,10,62,40,24,0,97,1,4,25.0,1,0,64,267,191,3,2,0,3,5,67,60,89.6,1,Matches
472,Jerdy Schouten\2cfae697,nl NED,MF,Bologna,25-030,1997,2.3,144,6,44,84,24,1,141,3,4,75.0,3,1,68,277,95,3,1,0,2,2,95,89,93.7,1,Matches
473,Stefano Sensi\b70bde8f,it ITA,MF,Inter,26-190,1995,1.9,146,0,20,73,61,12,145,2,3,66.7,2,1,113,694,328,15,4,2,6,4,128,118,92.2,14,Matches
474,Stefano Sensi\b70bde8f,it ITA,MFFW,Sampdoria,26-190,1995,1.0,49,1,14,26,15,4,49,4,5,80.0,4,1,41,189,109,6,4,0,6,3,40,35,87.5,6,Matches
475,Luigi Sepe\343f753a,it ITA,GK,Salernitana,30-279,1991,1.0,33,29,33,0,0,0,18,0,0,,0,0,11,62,51,0,0,0,0,0,14,14,100.0,0,Matches
476,Laurens Serpe\79d60e74,it ITA,DF,Genoa,21-004,2001,0.5,36,4,15,20,3,1,34,0,0,,0,0,24,161,91,4,2,0,1,1,31,31,100.0,1,Matches
477,Stephan El Shaarawy\d3aaad90,it ITA,DFFW,Roma,29-107,1992,7.8,475,8,76,202,236,40,452,15,29,51.7,19,2,333,1819,1156,59,25,8,13,7,396,334,84.3,36,Matches
478,Aimar Sher\ef301f96,se SWE,MF,Spezia,19-053,2002,0.5,27,1,5,18,5,0,27,0,0,,0,0,12,46,23,2,1,0,0,1,13,12,92.3,2,Matches
479,Eldor Shomurodov\57469b2d,uz UZB,FW,Roma,26-227,1995,6.2,238,2,20,91,145,50,235,1,12,8.3,3,1,147,748,438,22,9,4,14,11,268,180,67.2,61,Matches
480,Alassane Sidibe\f944979d,ci CIV,FW,Atalanta,19-247,2002,0.1,3,0,2,0,1,0,3,0,0,,0,0,1,0,0,0,0,0,0,0,1,1,100.0,0,Matches
481,Arnór Sigurðsson\f209b81e,is ISL,MFFW,Venezia,22-272,1999,1.9,67,0,8,29,38,7,64,4,7,57.1,4,0,53,280,120,8,3,2,3,6,54,45,83.3,15,Matches
482,Adrien Silva\d6f88a1d,pt POR,MF,Sampdoria,32-333,1989,12.0,748,42,214,463,113,8,725,9,18,50.0,9,0,463,1848,976,28,7,1,8,14,472,446,94.5,14,Matches
483,Marco Silvestri\0d422df7,it ITA,GK,Udinese,30-346,1991,21.0,639,594,639,0,0,0,425,0,0,,0,0,245,1332,899,0,0,0,0,0,268,267,99.6,0,Matches
484,Giovanni Simeone\343c0d52,ar ARG,FW,Cagliari,26-221,1995,0.1,4,0,0,3,1,1,4,0,0,,0,0,2,28,4,0,0,0,0,0,8,4,50.0,2,Matches
485,Giovanni Simeone\343c0d52,ar ARG,FW,Hellas Verona,26-221,1995,16.6,675,18,65,303,341,115,642,21,35,60.0,23,1,444,2051,843,37,14,10,70,53,876,505,57.6,168,Matches
486,Wilfried Singo\8b609c34,ci CIV,DF,Torino,21-048,2000,18.8,1195,49,205,559,507,58,1019,25,56,44.6,32,2,743,3771,2014,95,34,15,35,31,817,702,85.9,33,Matches
487,Salvatore Sirigu\10dc46f0,it ITA,GK,Genoa,35-030,1987,24.0,911,788,909,2,0,0,674,0,0,,0,0,431,1679,957,0,0,0,0,0,462,460,99.6,0,Matches
488,Leo Skiri Østigård\b35a7399,no NOR,DF,Genoa,22-075,1999,2.3,118,23,67,52,6,2,117,0,0,,0,0,69,482,260,6,3,0,0,0,75,73,97.3,0,Matches
489,Łukasz Skorupski\ab4449d6,pl POL,GK,Bologna,30-282,1991,23.0,832,727,830,4,0,0,596,0,0,,0,0,384,1695,872,0,0,0,0,0,369,368,99.7,0,Matches
490,Andreas Skov Olsen\c50cee19,dk DEN,DFFW,Bologna,22-044,1999,8.3,495,19,93,231,214,22,435,8,24,33.3,10,1,314,1759,1049,50,20,6,16,6,417,328,78.7,31,Matches
491,Milan Škriniar\30f5ffa9,sk SVK,DF,Inter,27-000,1995,21.0,1420,197,710,654,137,23,1377,9,9,100.0,9,1,997,5058,2222,76,18,0,6,5,1101,1079,98.0,11,Matches
492,Chris Smalling\b6964eb6,eng ENG,DF,Roma,32-081,1989,11.2,539,89,319,223,17,13,526,0,0,,0,0,294,1369,526,10,1,0,0,0,305,298,97.7,3,Matches
493,Brandon Soppy\28f66c2e,fr FRA,DFMF,Udinese,19-355,2002,5.2,230,15,62,97,87,16,211,9,23,39.1,9,2,156,754,425,18,4,3,10,6,188,136,72.3,14,Matches
494,Roberto Soriano\9d4c45d6,it ITA,MFFW,Bologna,31-003,1991,19.3,1032,31,180,572,359,46,1017,18,28,64.3,21,3,698,4021,1893,90,34,6,29,14,974,785,80.6,90,Matches
495,Riccardo Sottil\94816803,it ITA,FW,Fiorentina,22-253,1999,8.8,367,4,33,192,198,33,365,11,24,45.8,12,2,305,3058,1936,83,31,14,17,18,384,300,78.1,48,Matches
496,Matìas Soulé\c13ddd3e,ar ARG,FW,Juventus,18-302,2003,0.1,9,0,1,6,2,0,8,1,1,100.0,1,0,8,65,42,4,0,0,0,0,7,7,100.0,0,Matches
497,Adama Soumaoro\7b075c75,fr FRA,DF,Bologna,29-238,1992,13.3,730,70,301,406,59,12,697,3,4,75.0,3,0,447,1939,960,28,8,0,5,3,489,470,96.1,2,Matches
498,Marco Sportiello\ac4003af,it ITA,GK,Atalanta,29-277,1992,2.0,42,33,42,0,0,0,33,0,0,,0,0,22,94,52,0,0,0,0,0,19,19,100.0,0,Matches
499,Luca Stanga\2967bcd0,it ITA,DF,Milan,20-019,2002,0.0,4,0,0,2,2,0,4,0,0,,0,0,3,23,18,0,0,0,0,1,3,3,100.0,0,Matches
500,Petar Stojanović\13b44b02,si SVN,DF,Empoli,26-127,1995,19.4,1377,84,409,644,433,26,1156,38,66,57.6,40,3,855,4786,2936,123,51,8,18,37,836,786,94.0,22,Matches
501,Thomas Strakosha\339fe0e8,al ALB,GK,Lazio,26-329,1995,9.0,311,291,310,1,0,0,248,0,0,,0,0,182,752,366,0,0,0,0,0,182,182,100.0,0,Matches
502,Stefan Strandberg\6d5e62b0,no NOR,DF,Salernitana,31-201,1990,10.4,630,110,352,281,41,14,582,2,2,100.0,2,0,329,2105,1180,21,9,0,0,1,359,355,98.9,1,Matches
503,Dávid Strelec\2cb9486d,sk SVK,FWMF,Spezia,20-313,2001,5.3,188,8,35,86,76,20,187,2,9,22.2,3,1,118,548,297,15,4,6,5,9,159,110,69.2,26,Matches
504,Kevin Strootman\ef2e5e1a,nl NED,MF,Cagliari,31-363,1990,7.1,423,26,137,255,53,3,406,2,4,50.0,2,0,240,1152,542,14,1,1,2,1,295,272,92.2,3,Matches
505,Jens Stryger Larsen\f91e81c9,dk DEN,DF,Udinese,30-355,1991,7.6,348,19,112,134,125,12,281,2,7,28.6,3,0,183,846,446,24,9,2,6,7,250,208,83.2,9,Matches
506,Leo Štulac\92948398,si SVN,MF,Empoli,27-138,1994,6.7,413,20,130,224,79,2,383,3,3,100.0,3,0,257,1138,618,20,2,0,2,3,305,292,95.7,7,Matches
507,Stefano Sturaro\2334478a,it ITA,MF,Genoa,28-339,1993,13.2,544,29,114,288,172,24,525,2,13,15.4,3,0,293,1170,542,24,7,4,15,16,407,296,72.7,33,Matches
508,Isaac Success\f573a8bf,ng NGA,FWMF,Udinese,26-035,1996,4.8,216,2,18,100,110,31,215,10,15,66.7,10,1,159,727,412,22,8,5,22,8,275,177,64.4,49,Matches
509,Vladyslav Supriaha\73affbb6,ua UKR,FW,Sampdoria,21-361,2000,0.2,6,0,0,2,4,1,6,0,1,0.0,0,0,5,13,6,1,0,0,1,0,7,6,85.7,1,Matches
510,Bosko Sutalo\1d0bb7e4,hr CRO,DF,Hellas Verona,22-041,2000,4.5,257,39,117,114,41,7,239,5,8,62.5,5,0,154,752,352,11,2,1,2,4,156,144,92.3,3,Matches
511,Mattias Svanberg\92d83c27,se SWE,MF,Bologna,23-037,1999,19.7,931,36,193,507,287,28,890,13,27,48.1,17,3,585,2507,1322,69,26,3,27,12,712,616,86.5,43,Matches
512,Michael Svoboda\8abd174d,at AUT,DF,Venezia,23-119,1998,6.6,406,85,250,178,18,5,399,1,2,50.0,1,0,263,1807,1254,29,7,0,1,4,288,282,97.9,0,Matches
513,Wojciech Szczęsny\01b8a2b2,pl POL,GK,Juventus,31-299,1990,21.0,663,588,659,6,0,0,521,1,1,100.0,1,0,339,1456,652,0,0,0,0,0,355,355,100.0,0,Matches
514,Adrien Tameze\8da74c05,cm CMR,MFDF,Hellas Verona,28-007,1994,15.3,931,50,235,515,227,26,892,17,28,60.7,17,1,606,3126,1678,65,19,5,25,20,596,550,92.3,35,Matches
515,Ciprian Tătărușanu\b056e3da,ro ROU,GK,Milan,36-002,1986,6.0,217,193,216,1,0,0,169,0,0,,0,0,115,681,464,0,0,0,0,0,125,124,99.2,0,Matches
516,Pietro Terracciano\e1b0a70d,it ITA,GK,Fiorentina,31-340,1990,18.8,957,822,952,8,0,0,809,0,0,,0,0,578,2572,1255,0,0,0,0,2,626,621,99.2,0,Matches
517,Aleksa Terzić\3ef0a2d7,rs SRB,DF,Fiorentina,22-178,1999,2.2,205,6,87,82,45,2,175,1,3,33.3,1,0,123,562,294,13,4,0,2,3,140,129,92.1,5,Matches
518,Tanner Tessmann\ac277993,us USA,MF,Venezia,20-140,2001,5.9,256,28,106,136,41,8,252,9,11,81.8,10,1,169,1078,554,15,5,2,6,7,162,140,86.4,11,Matches
519,Arthur Theate\df8d6029,be BEL,DF,Bologna,21-262,2000,16.1,1100,75,472,618,98,15,1053,8,11,72.7,8,0,755,4324,2456,79,18,0,10,4,798,779,97.6,7,Matches
520,Morten Thorsby\d1b49282,no NOR,MF,Sampdoria,25-282,1996,21.1,848,44,179,467,228,48,840,2,7,28.6,4,0,398,1483,675,30,8,0,36,20,764,515,67.4,45,Matches
521,Jeremy Toljan\a96e5dc0,de GER,DF,Sassuolo,27-187,1994,15.1,953,62,345,439,224,25,808,3,13,23.1,3,0,564,2691,1328,57,18,4,17,6,636,587,92.3,46,Matches
522,Rafael Tolói\c56dc39e,it ITA,DF,Atalanta,31-124,1990,11.7,802,60,298,441,100,14,778,4,5,80.0,4,1,502,2432,1283,51,16,1,2,4,552,526,95.3,7,Matches
523,Takehiro Tomiyasu\b3af9be1,jp JPN,DF,Bologna,23-098,1998,0.1,6,0,2,1,3,0,5,1,1,100.0,1,0,4,0,0,0,0,0,1,0,2,2,100.0,0,Matches
524,Fikayo Tomori\7edfbb8a,eng ENG,DF,Milan,24-054,1997,16.4,1104,139,620,521,35,7,1060,5,6,83.3,5,0,693,3634,1844,29,7,0,1,2,765,752,98.3,4,Matches
525,Sandro Tonali\0db169ae,it ITA,MF,Milan,21-279,2000,17.1,1118,38,252,661,280,11,993,22,34,64.7,25,4,742,4185,2061,87,21,5,16,19,779,722,92.7,20,Matches
526,Lorenzo Tonelli\8cc29864,it ITA,DF,Empoli,32-025,1990,9.0,612,98,312,306,26,10,563,1,3,33.3,1,0,345,1890,1154,31,4,0,2,2,373,367,98.4,0,Matches
527,Ernesto Torregrossa\bf39bdec,it ITA,FW,Sampdoria,29-228,1992,1.3,65,1,3,36,32,7,64,0,1,0.0,0,0,46,160,83,5,3,0,3,5,88,53,60.2,22,Matches
528,Lucas Torreira\52611641,uy URU,MF,Fiorentina,26-000,1996,17.1,1099,36,271,701,183,16,1049,5,8,62.5,5,0,648,2684,1113,37,12,3,9,7,790,755,95.6,19,Matches
529,Abdoulaye Touré\ef7cd87a,fr FRA,MF,Genoa,27-345,1994,4.8,227,9,52,147,39,7,225,7,10,70.0,7,0,127,564,195,11,3,2,1,2,163,131,80.4,3,Matches
530,Axel Tuanzebe\2baec6ce,eng ENG,DF,Napoli,24-089,1997,0.1,5,1,4,1,0,0,5,0,0,,0,0,3,14,4,0,0,0,0,0,3,3,100.0,0,Matches
531,Iyenoma Udogie\7cd520e8,it ITA,DF,Udinese,19-075,2002,15.3,692,32,188,351,215,24,601,16,33,48.5,18,2,420,2911,1765,69,23,8,22,27,423,347,82.0,26,Matches
532,Maximilian Ullmann\caaf2ed1,at AUT,DF,Venezia,25-239,1996,1.0,21,3,11,8,4,0,19,1,2,50.0,2,1,11,42,32,3,2,0,2,0,15,9,60.0,0,Matches
533,Antonio Vacca\444c89d9,it ITA,MF,Venezia,31-274,1990,8.3,574,56,272,304,31,0,536,6,9,66.7,6,0,359,1967,985,21,6,0,1,7,368,351,95.4,5,Matches
534,Zinho Vanheusden\afbf187b,be BEL,DF,Genoa,22-197,1999,10.0,501,86,306,180,43,10,484,1,5,20.0,2,1,281,1657,773,21,7,1,1,1,298,290,97.3,4,Matches
535,Johan Vásquez\5eaed77a,mx MEX,DF,Genoa,23-112,1998,15.0,892,133,521,371,45,14,844,0,3,0.0,1,0,482,2572,1326,34,7,1,2,8,511,493,96.5,4,Matches
536,Denis Vavro\08990838,sk SVK,DF,Lazio,25-307,1996,0.1,6,1,4,3,0,0,6,0,0,,0,0,3,28,22,0,0,0,0,0,5,5,100.0,0,Matches
537,Matías Vecino\44ac04e9,uy URU,MF,Inter,30-171,1991,3.3,205,10,51,104,63,12,203,0,2,0.0,0,0,138,741,425,23,6,0,2,2,166,142,85.5,13,Matches
538,Miguel Veloso\ab1ca213,pt POR,MF,Hellas Verona,35-276,1986,13.4,962,27,194,585,248,10,854,4,5,80.0,4,1,536,3294,1607,54,16,3,5,8,590,564,95.6,13,Matches
539,Lorenzo Venuti\983ff2c7,it ITA,DF,Fiorentina,26-305,1995,8.7,541,26,204,264,100,8,477,0,1,0.0,0,0,366,1449,683,24,5,4,9,5,408,382,93.6,13,Matches
540,Daniele Verde\d3298c99,it ITA,FWMF,Spezia,25-236,1996,12.1,624,12,89,270,298,29,528,5,13,38.5,5,4,382,2486,1126,68,18,14,12,8,511,418,81.8,51,Matches
541,Simone Verdi\0375723e,it ITA,FWMF,Torino,29-214,1992,0.5,27,1,3,12,13,1,25,0,1,0.0,0,0,16,38,32,2,1,0,0,3,19,15,78.9,4,Matches
542,Simone Verdi\0375723e,it ITA,FW,Salernitana,29-214,1992,0.7,35,1,6,18,17,2,32,1,3,33.3,1,0,24,105,47,4,2,1,0,2,38,25,65.8,4,Matches
543,Jordan Veretout\4a56052c,fr FRA,MF,Roma,28-347,1993,19.7,1184,39,231,719,312,24,1104,7,14,50.0,7,0,772,4358,2135,92,27,4,12,6,892,841,94.3,47,Matches
544,Edoardo Vergani\2873973b,it ITA,FWMF,Salernitana,21-005,2001,1.0,37,5,10,17,12,2,37,1,3,33.3,1,1,20,90,13,1,0,1,5,1,44,23,52.3,6,Matches
545,Valerio Verre\33ecf462,it ITA,MFFW,Sampdoria,28-031,1994,4.7,290,3,39,155,123,15,284,6,9,66.7,6,0,219,1122,657,34,16,1,11,8,259,208,80.3,30,Matches
546,Valerio Verre\33ecf462,it ITA,MF,Empoli,28-031,1994,0.3,19,0,2,8,12,2,19,0,0,,0,0,14,94,78,4,2,0,1,3,16,15,93.8,2,Matches
547,Freddie Veseli\d541e703,al ALB,DF,Salernitana,29-083,1992,6.1,223,35,106,113,17,0,202,3,4,75.0,3,0,110,465,259,9,0,0,2,0,120,117,97.5,0,Matches
548,Guglielmo Vicario\77d6fd4d,it ITA,GK,Empoli,25-127,1996,24.0,902,817,898,4,0,0,673,0,0,,0,0,430,1901,1178,0,0,0,1,0,396,396,100.0,0,Matches
549,Arturo Vidal\67cdbc0e,cl CHI,MF,Inter,34-265,1987,4.8,389,12,93,223,101,20,384,5,6,83.3,5,0,255,1064,583,19,10,2,4,5,309,290,93.9,16,Matches
550,Ronaldo Vieira\75e60d75,gw GNB,MF,Sampdoria,23-207,1998,0.3,24,1,6,18,2,0,23,0,1,0.0,0,0,11,29,14,0,0,0,0,1,19,16,84.2,2,Matches
551,Luca Vignali\c1e8e74e,it ITA,DF,Spezia,26-031,1996,0.9,59,2,24,24,13,0,49,1,1,100.0,1,0,31,99,46,2,0,0,1,2,44,37,84.1,3,Matches
552,Emanuel Vignato\ec5dae45,it ITA,MFDF,Bologna,21-171,2000,5.6,376,5,75,192,143,13,350,7,7,100.0,7,0,265,1862,1005,51,15,5,2,8,303,273,90.1,11,Matches
553,Matías Viña\08eb3b58,uy URU,DF,Roma,24-094,1997,15.2,917,48,282,452,228,23,788,8,22,36.4,11,0,526,2299,1443,58,18,6,19,6,552,514,93.1,27,Matches
554,Nicolas Viola\45392b06,it ITA,MF,Bologna,32-122,1989,1.0,59,2,16,30,15,1,52,2,3,66.7,2,0,30,132,66,1,0,0,2,1,37,33,89.2,0,Matches
555,Mattia Viti\75438a9a,it ITA,DF,Empoli,20-018,2002,9.2,503,86,260,252,25,4,472,5,8,62.5,6,0,306,1753,1063,29,2,0,0,2,307,297,96.7,1,Matches
556,Dušan Vlahović\79443529,rs SRB,FW,Juventus,22-014,2000,1.0,42,0,2,19,22,11,42,1,3,33.3,1,0,32,96,57,3,1,0,7,3,67,36,53.7,15,Matches
557,Dušan Vlahović\79443529,rs SRB,FW,Fiorentina,22-014,2000,20.6,709,21,38,364,337,131,659,16,24,66.7,16,1,443,1735,702,36,14,8,77,56,999,539,54.0,177,Matches
558,Mërgim Vojvoda\be2706c0,xk KVX,DF,Torino,27-010,1995,11.0,670,41,159,327,236,16,579,7,11,63.6,9,0,391,2000,1061,52,25,2,5,6,426,384,90.1,13,Matches
559,Cristian Volpato\72f87f25,au AUS,MF,Roma,18-088,2003,0.0,2,0,1,2,1,0,2,0,0,,0,0,2,3,3,0,0,0,0,1,2,2,100.0,0,Matches
560,Stefan de Vrij\d0d8dd44,nl NED,DF,Inter,30-006,1992,16.7,1035,166,577,501,23,12,995,2,2,100.0,2,0,638,4340,2078,40,2,0,2,2,711,702,98.7,0,Matches
561,Walace\26db8853,br BRA,MF,Udinese,26-313,1995,19.9,1213,70,365,734,205,11,1167,16,23,69.6,19,1,783,4310,2086,78,26,0,13,23,801,747,93.3,12,Matches
562,Sebastian Walukiewicz\217875a4,pl POL,DF,Cagliari,21-312,2000,3.1,196,24,111,91,10,1,187,6,6,100.0,6,1,131,774,377,9,2,0,1,0,144,143,99.3,0,Matches
563,Magnus Warming\55e098cd,dk DEN,FWMF,Torino,21-248,2000,0.4,14,0,1,5,8,3,14,1,1,100.0,1,0,10,95,62,4,0,2,1,2,18,10,55.6,5,Matches
564,Kelvin Yeboah\ea0893d6,it ITA,FW,Genoa,21-281,2000,2.4,77,6,18,30,32,15,75,4,6,66.7,4,0,49,295,160,8,1,3,8,6,67,42,62.7,11,Matches
565,Gerard Yepes\ee9040b4,es ESP,MFDF,Sampdoria,19-170,2002,0.2,20,1,7,13,2,0,20,0,0,,0,0,14,113,65,4,1,0,0,0,13,13,100.0,0,Matches
566,Maya Yoshida\caffaf5a,jp JPN,DF,Sampdoria,33-171,1988,16.6,896,162,516,384,38,11,876,3,4,75.0,3,0,487,2436,1127,21,4,0,1,3,527,520,98.7,6,Matches
567,Mattia Zaccagni\d85c238b,it ITA,FW,Lazio,26-240,1995,9.3,480,4,65,206,250,45,472,17,31,54.8,19,1,379,2575,1673,89,23,17,13,15,452,383,84.7,51,Matches
568,Mattia Zaccagni\d85c238b,it ITA,MFFW,Hellas Verona,26-240,1995,2.0,100,1,6,39,62,11,87,3,5,60.0,3,0,69,427,279,15,4,5,3,6,91,68,74.7,22,Matches
569,Denis Zakaria\384d58d9,ch SUI,MF,Juventus,25-083,1996,0.9,37,2,12,20,7,1,37,0,0,,0,0,23,180,94,6,0,0,1,1,26,17,65.4,3,Matches
570,Nicola Zalewski\45191c29,pl POL,FWDF,Roma,20-019,2002,0.2,22,0,0,4,20,1,16,1,3,33.3,1,0,16,70,61,6,2,0,1,1,19,14,73.7,4,Matches
571,Andre-Frank Zambo Anguissa\6bb2c084,cm CMR,MF,Napoli,26-087,1995,13.1,956,41,186,557,275,31,945,21,34,61.8,23,0,662,3150,1492,74,32,5,19,22,773,722,93.4,43,Matches
572,Nicolò Zaniolo\9907b1c8,it ITA,FW,Roma,22-224,1999,16.5,748,8,72,384,384,87,720,42,84,50.0,45,1,587,4037,2379,101,48,18,65,44,721,549,76.1,126,Matches
573,Alessandro Zanoli\3b12b11f,it ITA,DFMF,Napoli,21-131,2000,0.2,21,0,5,9,9,1,19,1,2,50.0,1,0,18,107,57,3,0,0,0,1,17,16,94.1,0,Matches
574,Mattia Zanotti\875d65d1,it ITA,DF,Inter,19-031,2003,0.1,13,0,2,2,9,1,10,0,0,,0,0,8,32,5,0,0,0,0,0,10,10,100.0,1,Matches
575,Duván Zapata\d3de9af0,co COL,FW,Atalanta,30-316,1991,13.4,546,8,26,201,367,139,512,24,46,52.2,26,3,425,2175,1325,73,27,23,53,37,745,435,58.4,158,Matches
576,Gabriele Zappa\ca3db240,it ITA,DF,Cagliari,22-051,1999,11.0,651,56,261,296,137,7,571,6,15,40.0,7,0,385,1871,984,34,15,2,8,12,430,390,90.7,6,Matches
577,Davide Zappacosta\7fe90ccd,it ITA,DF,Atalanta,29-245,1992,14.7,951,30,224,400,385,53,822,7,24,29.2,10,2,647,3034,1690,84,24,13,16,16,744,649,87.2,41,Matches
578,Simone Zaza\9592289a,it ITA,FWMF,Torino,30-231,1991,1.3,71,4,9,23,43,11,70,2,6,33.3,2,0,37,110,60,2,1,0,5,3,88,47,53.4,10,Matches
579,Marvin Zeegelaar\8abd0c03,nl NED,DF,Udinese,31-183,1990,2.7,133,19,63,63,9,1,119,2,2,100.0,2,0,59,212,71,5,1,0,0,0,71,62,87.3,1,Matches
580,Piotr Zieliński\a5296e55,pl POL,MF,Napoli,27-267,1994,15.9,973,12,101,517,427,61,920,19,31,61.3,19,2,652,3174,1612,84,37,6,28,17,869,762,87.7,104,Matches
581,David Zima\acf7e795,cz CZE,DF,Torino,21-095,2000,9.3,483,47,189,253,76,9,476,5,7,71.4,6,0,301,1658,738,25,9,1,4,3,322,309,96.0,6,Matches
582,Jeroen Zoet\cc1a0c57,nl NED,GK,Spezia,31-036,1991,7.0,256,235,256,1,0,0,186,0,0,,0,0,111,451,222,0,0,0,0,0,115,114,99.1,0,Matches
583,Nadir Zortea\82598b71,it ITA,DFMF,Salernitana,22-237,1999,8.7,344,25,112,139,124,10,296,14,28,50.0,15,3,210,1155,658,30,6,4,6,9,240,187,77.9,20,Matches
584,Szymon Żurkowski\4e1d5e59,pl POL,MF,Empoli,24-139,1997,14.2,759,33,157,378,315,38,755,20,26,76.9,21,1,575,4126,2361,104,41,4,22,32,586,515,87.9,58,Matches
585,Milan Đurić\405f6586,ba BIH,FW,Salernitana,31-265,1990,11.0,379,16,35,189,167,71,372,5,6,83.3,5,0,126,394,143,9,3,3,23,8,513,310,60.4,52,Matches
586,Filip Đuričić\eccbe56a,rs SRB,MFFW,Sassuolo,30-012,1992,7.0,291,7,47,151,124,26,282,7,17,41.2,7,1,221,1355,900,40,19,5,20,13,280,224,80.0,41,Matches